name,party,organization_name,organization_address,food,amount,purpose
박대동,새누리당,(주)봉피양,서울 서초구 서초동 1330,중식,101000,국정감사 대비 간담회
심상정,정의당,(주)강남해우리,서울 강남구 역삼동 823-16,한식,64000,식대(의원 외 4인)
박명재,새누리당,(주)롯데리아,경기안양시 만안구 시민대로 180,기타,88200,가계부채관련 보좌직원 회의(4명)
박대동,새누리당,(주)봉피양,서울 서초구 서초동 1330,중식,142000,정무위 현안관련 간담회
김무성,새누리당,(주)블루리본써비스,서울 서초구 서초동 700 예술의전당 비타민스테이션,한식,689185,정책개발을 위한 보좌진과의 의정논의
박대동,새누리당,(주)서여의도 해우리,서울 영등포구 여의도동 16-2 중소기업중앙회본관 1층 15,한식,295800,하도급거래법 관련 간담회
박대동,새누리당,(주)서여의도 해우리,서울 영등포구 여의도동 16-2 중소기업중앙회본관 1층 15,한식,87000,정보유출배상제도 토론회 대비 전문가 간담회
김관영,국민의당,(주)여의도진진바라,영등포구 여의도동 45-3 여의도 스포츠센터,한식,100000,"예산 관련 의원, 실무진 간담회"
김무성,새누리당,(주)여의도진진바라,서울 영등포구 여의도동 45 45-3번지 여의도스포츠센터,한식,370000,정책개발을 위한 국회의원과의 의정논의
김무성,새누리당,(주)여의도진진바라,서울 영등포구 여의도동 45 45-3번지 여의도스포츠센터,한식,675000,정책개발을 위한 국토교통위원들과의 의정논의
김무성,새누리당,(주)여의도진진바라,서울 영등포구 여의도동 45 45-3번지 여의도스포츠센터,한식,350000,정책개발을 위한 국회의원과의 의정논의
김무성,새누리당,(주)여의도진진바라,서울 영등포구 여의도동 45 45-3번지 여의도스포츠센터,한식,275000,정책개발을 위한 국회의원과의 의정논의
김관영,국민의당,(주)이랜드 파크 렉싱턴호텔 여의도,서울특별시 영등포구 여의도동 13-3,호텔,48000,"의원, 기자단 차담회"
김관영,국민의당,(주)이랜드 파크 렉싱턴호텔 여의도,서울특별시 영등포구 여의도동 13-3,호텔,156000,"의원, 중앙지 기자단 조찬간담회"
김관영,국민의당,(주)이랜드 파크 렉싱턴호텔 여의도,서울특별시 영등포구 여의도동 13-3,호텔,78000,"의원, 기자단 조찬간담회"
김관영,국민의당,(주)이랜드 파크 렉싱턴호텔 여의도,서울특별시 영등포구 여의도동 13-3,호텔,117000,의원단 조찬간담회(예산관련)
이철우,새누리당,(주)이랜드 파크 렉싱턴호텔 여의도,서울특별시 영등포구 국회대로76길 16,호텔,616500,경북 의원 예산 및 현안 간담회
이철우,새누리당,(주)이랜드 파크 렉싱턴호텔 여의도,서울특별시 영등포구 국회대로76길 16,호텔,152000,교통기본법 관련 간담회
김용태,새누리당,(주)이랜드 파크 렉싱턴호텔 여의도,서울 영등포구 여의도동 13-3,호텔,195000,간담회 식사 - 정무위원회
심상정,정의당,(주)이씨엠디,서울 영등포구 여의도동 1,출장요리,80000,기자회견 후 회의비(의원 외 9인)
심상정,정의당,(주)이씨엠디,서울 영등포구 의사당대로 1,출장요리,80000,의원 외 7인 식대
박대동,새누리당,(주)정양물산,서울시 중구 회현동2가 60-2,한식,69000,임시국회 대비 간담회
김무성,새누리당,(주)제이에스물산,충남 천안시 성기읍 요망121,일반휴게음식,12250,정책개발을 위한 보좌진과의 의정논의
이철우,새누리당,(주)티에스아노,서울특별시 용산구 청파로 378 갤러리아콩코스 3층,일식,206000,동서화함 포럼
이철우,새누리당,(주)한울F&S 국회회관점,서울특별시 영등포구 의사당대로 1,기타,70000,정당공천제 간담회
이철우,새누리당,(주)한울F&S 국회회관점,서울특별시 영등포구 의사당대로 1,기타,107000,중견기업 제도적기반 조성반 간담회
이철우,새누리당,(주)한울F&S 국회회관점,서울특별시 영등포구 의사당대로 1,기타,72000,정보위원 간담회
이철우,새누리당,(주)한울F&S 국회회관점,서울특별시 영등포구 의사당대로 1,기타,224000,공무원연금관련 간담회
이철우,새누리당,(주)한울F&S 국회회관점,서울특별시 영등포구 의사당대로 1,기타,99000,신용평가제도개선 간담회
이철우,새누리당,(주)한울F&S 국회회관점,서울특별시 영등포구 의사당대로 1,기타,90000,세월호특별법 관련 간담회
이철우,새누리당,(주)한울F&S 국회회관점,서울특별시 영등포구 의사당대로 1,기타,543000,내륙고속철도 간담회
이철우,새누리당,(주)한울F&S 국회회관점,서울특별시 영등포구 의사당대로 1,기타,300000,지방살리기 간담회
이철우,새누리당,(주)한울F&S 국회회관점,서울특별시 영등포구 의사당대로 1,기타,180000,북한의 경제특구 제반현황 간담회
이철우,새누리당,(주)한울F&S 국회회관점,서울특별시 영등포구 의사당대로 1,기타,78000,국방신뢰성 발전방안 간담회
김광림,새누리당,(주)해우리 서여의도점,서울 영등포구 여의도동 16-2,한식,261400,기자간담회
박대동,새누리당,(주)해우리 서여의도점,서울 영등포구 여의도동 16-2,한식,406500,상임위현안 관련 기자간담회
박대동,새누리당,(주)해우리 서여의도점,서울 영등포구 여의도동 16-2,한식,178400,지역현안 관련 기자간담회
김무성,새누리당,5.5닭갈비,"대전 서구 탄방동 1034 굿앤월드빌딩 105호, 106호",한식,48000,정책개발을 위한 보좌진과의 의정논의
심상정,정의당,H.Y하이밀여의도KBS,서울 영등포구 의사당대로 38,한식,31000,식대(의원 외 3인)
심상정,정의당,H.Y하이밀여의도KBS,서울 영등포구 의사당대로 38,한식,75000,식대(의원 외 2인)
김관영,국민의당,Mr.왕왕,영등포구 여의도동 17 더샵아일랜드파크,한식,28000,"의원, 보좌진 식대"
김관영,국민의당,Mr.왕왕,영등포구 여의도동 17 더샵아일랜드파크,한식,63000,"의원, 보좌진 식대"
김재원,새누리당,VIPS여의도점,서울 영등포구 여의도동 13 진미파라곤,양식,127080,
김재원,새누리당,가가시,서울 영등포구 여의도동 맨하탄21빌딩 2층,일식,35500,
박민식,새누리당,가나식당,부산시 연제구 거재동 457-43,한식,92000,지방선거 관련 회의
류성걸,새누리당,가덕도횟집,서울특별시 강남구 역삼동 722-3,일식,380000,기자 간담회
박병석,더불어민주당,가도칼국수,대전 서구 대덕대로 151번길 10,한식,64000,
박명재,새누리당,가마솥쌀밥집,경기 이천시 사음동 162-5,한식,24000,현안관련 회의(2명)
강기정,새정치민주연합,가매,광주 서구 농성동 649-1,일식,50000,식사비
강기정,새정치민주연합,가매항,광주 광산구 쌍암동 694-63,일식,244000,광주전남 지역위원회 현안 간담회
강기정,새정치민주연합,가보세,광주 북구 용봉동,한식,180000,상임위 관련 간담회
김광림,새누리당,가시리,서울시 영등포구 여의도동 13-4,한식,263000,기자간담회
김용태,새누리당,가시리,서울시 영등포구 여의도동 13-4,한식,193000,간담회 식사 - 서울시교육청
김용태,새누리당,가시리,서울시 영등포구 여의도동 13-4,한식,168000,간담회 식사 - 강서교육청
김용태,새누리당,가시리,서울시 영등포구 여의도동 13-4,한식,112000,간담회 식사 - 한중포럼(국회등록연구단체)
김용태,새누리당,가시리,서울시 영등포구 여의도동 13-4,한식,222000,간담회 식사 - 정무위원회
김재원,새누리당,가시리,서울시 영등포구 여의도동 13-4,한식,102000,
김재원,새누리당,가시리,서울시 영등포구 여의도동 13-4,한식,70000,
김재원,새누리당,가시리,서울시 영등포구 여의도동 13-4,한식,155000,
김재원,새누리당,가시리,서울시 영등포구 여의도동 13-4,한식,280000,
김재원,새누리당,가시리,서울시 영등포구 여의도동 13-4,한식,413000,
김재원,새누리당,가시리,서울시 영등포구 여의도동 13-4,한식,181000,
김재원,새누리당,가시리,서울시 영등포구 여의도동 13-4,한식,245000,
김재원,새누리당,가시리,서울시 영등포구 여의도동 13-4,한식,90000,
김재원,새누리당,가시리,서울시 영등포구 여의도동 13-4,한식,111000,
김재원,새누리당,가시리,서울시 영등포구 여의도동 13-4,한식,381000,
김재원,새누리당,가시리,서울시 영등포구 여의도동 13-4,한식,416000,
김재원,새누리당,가시리,서울시 영등포구 여의도동 13-4,한식,350000,
김재원,새누리당,가시리,서울시 영등포구 여의도동 13-4,한식,70000,
김재원,새누리당,가시리,서울시 영등포구 여의도동 13-4,한식,146000,
김재원,새누리당,가시리,서울시 영등포구 여의도동 13-4,한식,33000,
김재원,새누리당,가시리,서울시 영등포구 여의도동 13-4,한식,450000,
김재원,새누리당,가시리,서울시 영등포구 여의도동 13-4,한식,52000,
김재원,새누리당,가시리,서울시 영등포구 여의도동 13-4,한식,216000,
김재원,새누리당,가시리,서울시 영등포구 여의도동 13-4,한식,238000,
박민식,새누리당,가시리,서울시 영등포구 여의도동 13-4,한식,164000,언론기자 간담회
박민식,새누리당,가시리,서울시 영등포구 여의도동 13-4,한식,220000,언론기자 간담회
박민식,새누리당,가시리,서울시 영등포구 여의도동 13-4,한식,48000,언론기자 간담회
김관영,국민의당,가시리,서울시 영등포구 여의도동 13-4,한식,50000,"의원, 기자 오찬간담회"
박명재,새누리당,가시리,서울시 영등포구 여의도동 13-4,한식,275000,대법관인사청문회 준비관련 회의 (6명)
박명재,새누리당,가시리,서울시 영등포구 여의도동 13-4,한식,190000,현안관련 기자간담회(4명)
박명재,새누리당,가시리,서울시 영등포구 여의도동 13-4,한식,275000,현안관련 기자간담회(6명)
심상정,정의당,가시리,서울시 영등포구 여의도동 13-4,한식,218000,"기자간담회(국회 출입기자, 의원 외 14인)"
심상정,정의당,가시리,서울시 영등포구 여의도동 13-4,한식,50000,식대(의원 외 2인)
이철우,새누리당,가시리,서울시 영등포구 여의도동 13-4,한식,240000,가짜석유 관련 간담회
서청원,새누리당,가시머리식당,평창군 도암면 횡계리 3-3,한식,57000,국정감사 사전준비회의
박민식,새누리당,가야목살찌개,부산광역시 부산진구 가야대로784번길 43,한식,24000,지역현안관련 간담회
김재원,새누리당,가야한정식,서울 영등포구 여의도동 14-27,한식,65000,
박명재,새누리당,갈비명가 황우리 범어점,대구광역시 수정구 범어동 189-2,한식,24000,도당 운영위원회 관련 회의(3명)
심상정,정의당,강릉수산,서울 동작구 성대로 39길 8,한식,94000,사무실 상반기 평가 회의비(의원 외 9인)
심상정,정의당,강마루,고양시 덕양구 행주외동,한식,97000,식대(의원 외 5인)
서청원,새누리당,강문머구리 횟집,강릉시 전소동 268-20,한식,317000,해양관광산업 관련 간담회
박대동,새누리당,갯마을,서울 영등포구 여의도동 1,한식,55000,의원 및 수행원 식대
박대동,새누리당,갯마을,서울 용산 한강로3가 65-550 1층,한식,66000,의원 및 수행원 식대
박대동,새누리당,건강한밥상,경기 광주시 중부면산성리 173번지,한식,80000,지역현안 관련 간담회
김재원,새누리당,경복궁방이점,서울 송파구 방이동 35,한식,163000,
박병석,더불어민주당,계룡대반점,대전 서구 관저동 1127,중식,125000,
서청원,새누리당,고구려,수원시 팔달구 인계동 955-1,한식,1284800,215 화성/경기 예산안 관련 정책간담회
김재원,새누리당,고기굽는마을,경북 의성군 의성읍 동서1길 38,한식,184000,
김재원,새누리당,고기굽는마을,경북 의성군 의성읍 동서1길 38,한식,100000,
김재원,새누리당,고기굽는마을,서울 영등포구 국회대로74길 9 2층,양식,130000,
박민식,새누리당,고미집,부산시 진구 중앙대로 989번길 54,한식,184000,언론기자 간담회
류성걸,새누리당,고시레,서울특별시 중구 명동8가길,일식,19000,보좌진 간담회
박민식,새누리당,고쌈냉면,서울시 서대문구 신촌역로 31,한식,11000,언론기자 간담회
김재원,새누리당,고영희식당,경북 의성군 의성읍 중리리 840-3,한식,70000,
김재원,새누리당,고창복남기세상,서울 강남구 대치1동 1022-1 지상1층,한식,21000,
박명재,새누리당,고향설농탕,서울 서대문구 대신동 90-4,한식,160000,인사청문회 준비관련 회의(2명)
김재원,새누리당,고향전통찻집,서울 영등포구 여의도동 14-24 삼보호정빌딩,한식,25000,
강기정,새정치민주연합,곰작골나주곰탕,서울특별시 마포구 도화동 201-14,한식,86000,식사비
박민식,새누리당,공리,서울시 종로구 소격동 17-1,한식,11000,지방국감관련 회의
강기정,새정치민주연합,공수간 전남대점,광주 북구 우치로 90번길 7-4,한식,18400,식사비
김용태,새누리당,공주칼국수,서울 마포구 공덕동 111-14,한식,48000,간담회 식사 - 공항공사
박병석,더불어민주당,공주칼국수식당,대전 서구 도마2동 174-1 1층,한식,23000,
박민식,새누리당,공항칼국수,서울시 강서구 공항동 73-8,한식,15000,지역현안관련 간담회
김관영,국민의당,곽,영등포구 여의도동,일식,380000,"의원, 지방지 기자단 만찬간담회"
정갑윤,새누리당,광어생각,울산 중구 우정동 201-27,한식,174000,기자 간담회
강기정,새정치민주연합,광주함흥냉면,광주 동구 지산1동 715-20,한식,62000,식사비
강기정,새정치민주연합,교대곱창,서울특별시 서초구 서초동 서초중앙로 77,한식,208000,신용정보보호관련 정책간담회
서상기,새누리당,교촌치킨,경기 고양시 일산 서구 대화동 2126-2,기타,160000,정책개발간담회
류성걸,새누리당,구마산,서울특별시 영등포구 여의도동 43,한식,234000,보좌진 간담회
류성걸,새누리당,구마산,서울특별시 영등포구 여의도동 43,한식,78000,보좌진 간담회
류성걸,새누리당,구마산,서울특별시 영등포구 여의도동 43,한식,195000,보좌진 간담회
류성걸,새누리당,구마산,서울특별시 영등포구 여의도동 43,한식,234000,보좌진 간담회
박대동,새누리당,구마산,서울특별시 영등포구 여의도동 43,한식,160000,정무위 법안 소위 관련 간담회
박대동,새누리당,구마산,서울특별시 영등포구 여의도동 43,한식,117000,신용정보 보호법 개정 관련 간담회
박대동,새누리당,구마산,서울특별시 영등포구 여의도동 43,한식,130000,나라사랑교육 활성화 방안 관련 간담회
박대동,새누리당,구마산,서울특별시 영등포구 여의도동 43,한식,174000,기술금융활성화 관련 간담회
박명재,새누리당,구마산,서울특별시 영등포구 여의도동 43,한식,105000,국회현안질의 준비관련 보좌진 회의(4명)
심상정,정의당,구이구이,서울 영등포구 의사당대로 380,한식,41000,식대(수행4인)
박명재,새누리당,구이야,서울시 영등포구 7가 29-53,한식,147300,의정보고서 준비관련 회의(5명)
서청원,새누리당,국도수산,동작구 노량진동 13-8,한식,250000,화성호 수질개선 관련 간담회
김광림,새누리당,국회의원식당,서울시 영등포구 여의도동 1,기타,48000,직원간담회
김광림,새누리당,국회의원식당,서울시 영등포구 여의도동 1,기타,32000,직원간담회
김재원,새누리당,국회의원식당,서울시 영등포구 여의도동 1,기타,30000,
김재원,새누리당,국회의원식당,서울시 영등포구 여의도동 1,기타,45000,
김재원,새누리당,국회의원식당,서울시 영등포구 여의도동 1,기타,24000,
김재원,새누리당,국회의원식당,서울시 영등포구 여의도동 1,기타,24000,
김태호,새누리당 ,국회의원식당,서울시 영등포구 여의도동 1,기타,266000,정책 간담회
박대동,새누리당,국회의원식당,서울시 영등포구 여의도동 1,기타,32000,의원 및 수행원 식대
박명재,새누리당,국회의원식당,서울시 영등포구 여의도동 1,기타,450000,물가안정에 관한법 개정 관련 전문가 간담회 (9명)
박명재,새누리당,국회의원식당,서울시 영등포구 여의도동 1,기타,264000,한국은행총재 인사청문회 관련 회의 (6명)
박명재,새누리당,국회의원식당,서울시 영등포구 여의도동 1,기타,63000,대도시특례제도 개선 관련 회의(7명)
정갑윤,새누리당,국회후생복지,서울 영등포구 여의도동 국회,기타,112000,식대
정갑윤,새누리당,국회후생복지,서울 영등포구 여의도동 국회,기타,140000,식대
정갑윤,새누리당,국회후생복지,서울 영등포구 여의도동 국회,기타,140000,식대
정갑윤,새누리당,국회후생복지,서울 영등포구 여의도동 국회,기타,160000,식대
정갑윤,새누리당,국회후생복지,서울 영등포구 여의도동 국회,기타,168000,식대
정갑윤,새누리당,국회후생복지,서울 영등포구 여의도동 국회,기타,140000,식대
정갑윤,새누리당,국회후생복지,서울 영등포구 여의도동 국회,기타,140000,식대
정갑윤,새누리당,국회후생복지,서울 영등포구 여의도동 국회,기타,40000,식대
정갑윤,새누리당,국회후생복지,서울 영등포구 여의도동 국회,기타,20000,식대
정갑윤,새누리당,국회후생복지,서울 영등포구 여의도동 국회,기타,40000,식대
정갑윤,새누리당,국회후생복지,서울 영등포구 여의도동 국회,기타,40000,식대
정갑윤,새누리당,국회후생복지,서울 영등포구 여의도동 국회,기타,400000,식대
정갑윤,새누리당,국회후생복지,서울 영등포구 여의도동 국회,기타,120000,식대
정갑윤,새누리당,국회후생복지,서울 영등포구 여의도동 국회,기타,10000,식대
정갑윤,새누리당,국회후생복지,서울 영등포구 여의도동 국회,기타,5000,식대
정갑윤,새누리당,국회후생복지,서울 영등포구 여의도동 국회,기타,280000,식대
정갑윤,새누리당,국회후생복지,서울 영등포구 여의도동 국회,기타,368000,법사위 간담회
심상정,정의당,국회후생복지위원회,서울 영등포구 여의도동 1,한식,280000,정당 정책간담회 회의비(의원 외 18인)
서상기,새누리당,국회후생복지위원회,서울 영등포구 여의도동 1,한식,140000,정책개발간담회
서상기,새누리당,국회후생복지위원회,서울 영등포구 여의도동 1,한식,140000,정책개발간담회
서상기,새누리당,국회후생복지위원회,서울 영등포구 여의도동 1,한식,140000,정책개발간담회
서상기,새누리당,국회후생복지위원회,서울 영등포구 여의도동 1,한식,140000,정책개발간담회
서상기,새누리당,국회후생복지위원회,서울 영등포구 여의도동 1,한식,140000,정책개발간담회
서상기,새누리당,국회후생복지위원회,서울 영등포구 여의도동 1,한식,140000,정책개발간담회
서상기,새누리당,국회후생복지위원회,서울 영등포구 여의도동 1,한식,140000,정책개발간담회
서상기,새누리당,국회후생복지위원회,서울 영등포구 여의도동 1,한식,140000,정책개발간담회
서상기,새누리당,국회후생복지위원회,서울 영등포구 여의도동 1,한식,140000,정책개발간담회
심상정,정의당,국회후생복지위원회,서울 영등포구 여의도동 1,한식,140000,식대(의원 외 1인)
심상정,정의당,국회후생복지위원회,서울 영등포구 여의도동 1,한식,38000,식대(의원 외 2인)
정갑윤,새누리당,국회후생복지위원회,서울 영등포구 여의도동,기타,140000,식대
정갑윤,새누리당,국회후생복지위원회,서울 영등포구 여의도동,기타,140000,식대
이철우,새누리당,굴나들이,"서울특별시 영등포구 국회대로62길 7 금산빌딩 지하10호, 11호",한식,162000,장애인특수화과정 간담회
강기정,새정치민주연합,권서방네순대,서울특별시 영등포구 여의도동 14-2 동아빌딩 112,한식,48000,식사비
이철우,새누리당,그릴종고산,서울특별시 영등포구 여의대방로 375,한식,449000,원자력 방호방재법 간담회
김재원,새누리당,금강산,서울 강남구 논현2동 257-2,한식,550000,
김재원,새누리당,금당실,경북 의성군 의성읍 문소3길 80,한식,10000,
김재원,새누리당,금산민속칼국수,서울 영등포구 여의도동 17-1,한식,44000,
김재원,새누리당,금산민속칼국수,서울 영등포구 여의도동 17-1,한식,100000,
김재원,새누리당,금산민속칼국수,서울 영등포구 여의도동 17-1,한식,45000,
김재원,새누리당,금산민속칼국수,서울 영등포구 여의도동 17-1,한식,73000,
박병석,더불어민주당,금산민속칼국수,서울 영등포구 여의도동 17-1,한식,17000,
이철우,새누리당,금산참복나라,서울특별시 영등포구 국회대로 750 금산빌딩,한식,224000,공직연금관련 간담회
이철우,새누리당,금산참복나라,서울특별시 영등포구 국회대로 750 금산빌딩,한식,111000,지방세법 간담회
박명재,새누리당,기소야,경북 경주시 건천읍 화천리 1010,일식,17000,지역현안관련회의(2명)
김재원,새누리당,김명자굴국밥전문점,서울 영등포구 여의도동 14-11 대하빌,한식,14000,
류성걸,새누리당,김밥 파는 사람들  황실점,서울특별시 동구 신천동 신천3동 283-1 1층102호,한식,20000,사무실 다과구입
심상정,정의당,김밥사랑,서울 동작구 사당동 274-12,분식,22000,식대(의원 외 1인)
류성걸,새누리당,김앤김 공덕점,서울특별시 마포구 공덕동,일식,360000,보좌진 간담회
박민식,새누리당,김포공항포베이,서울시 강서구 공항동 1373,양식,22000,인터뷰관련
강기정,새정치민주연합,꼴통감독,서울특별시 영등포구 여의도동 14-21,기타,24000,식사비
김용태,새누리당,나리스키친,서울 영등포구 여의도동 23-7 유화증권빌딩,양식,79000,간담회 식사 - 정무위원회
박명재,새누리당,나리스키친,서울시 영등포구 국제금율로2길 36,양식,145000,가계부채 토론회 준비관련 회의(7명)
박명재,새누리당,나리스키친,서울시 영등포구 국제금율로2길 36,양식,117000,심야토론 준비관련 회의
박명재,새누리당,나리스키친,서울시 영등포구 국제금율로2길 36,양식,241000,기재부 국정감사 준비관련 보좌진 회의(8명)
박명재,새누리당,나리스키친,서울시 영등포구 국제금율로2길 36,양식,402000,경제재정소위 준비관련회의(8명)
박명재,새누리당,나리스키친,서울시 영등포구 국제금율로2길 36,양식,237000,사회저경제 기본법안 공청회 관련 회의(7명)
박명재,새누리당,나리스키친,서울시 영등포구 국제금율로2길 36,양식,255000,현안관련 기자간담회(5명)
박민식,새누리당,나주곰탕,서울시 서대문구 신촌역로 4,한식,16000,후반기 상임위 관련 간담회
김관영,국민의당,낙원,영등포구 여의도동 14-8 2층,한식,271000,"의원, 언론사 반장단 만찬간담회"
김용태,새누리당,낙원,서울 영등포구 여의도동 14-8,한식,171000,간담회 식사 - 정무위원회
김용태,새누리당,낙원,서울 영등포구 여의도동 14-8,한식,206000,간담회 식사 - 정무위원회
김용태,새누리당,낙원,서울 영등포구 여의도동 14-8,한식,159000,간담회 식사 - 정무위원회
김용태,새누리당,낙원,서울 영등포구 여의도동 14-8,한식,200000,간담회 식사 - 강서교육청
김용태,새누리당,낙원,서울 영등포구 여의도동 14-8,한식,165000,간담회 식사 - 공항공사
김용태,새누리당,낙원,서울 영등포구 여의도동 14-8,한식,209000,간담회 식사 - 정무위원회
김용태,새누리당,낙원,서울 영등포구 여의도동 14-8,한식,226000,간담회 식사 - 강서교육청
김용태,새누리당,낙원,서울 영등포구 여의도동 14-8,한식,258000,간담회 식사 - 정무위원회
김용태,새누리당,낙원,서울 영등포구 여의도동 14-8,한식,155000,간담회 식사 - 강서교육청
김용태,새누리당,낙원,서울 영등포구 여의도동 14-8,한식,160000,간담회 식사 - 정무위원회
김용태,새누리당,낙원,서울 영등포구 여의도동 14-8,한식,210000,간담회 식사 - 강서교육청
김용태,새누리당,낙원,서울 영등포구 여의도동 14-8,한식,220000,간담회 식사 - 공항공사
김용태,새누리당,낙원,서울 영등포구 여의도동 14-8,한식,181000,간담회 식사 - 서울시교육청
김재원,새누리당,낙원,서울 영등포구 여의도동 14-8,한식,103000,
박병석,더불어민주당,낙지낚지,서울 영등포구 여의도동 17-16,한식,39000,
박병석,더불어민주당,낙지낚지,서울 영등포구 여의도동 17-16,한식,39000,식대
박병석,더불어민주당,낙지낚지,서울 영등포구 여의도동 17-16,한식,78000,
박병석,더불어민주당,낙지낚지,서울 영등포구 여의도동 17-16,한식,53000,
이철우,새누리당,낙지낚지,서울 영등포구 여의도동 17-16,한식,155000,승강기 안전관리 간담회
정갑윤,새누리당,낙지낚지,서울 영등포구 여의도동 17-16,한식,88000,식대
정갑윤,새누리당,낙지낚지,서울 영등포구 여의도동 17-16,한식,40000,식대
박병석,더불어민주당,낙지호랭이,대전 서구 둔산동 1237,한식,70000,
김재원,새누리당,난다랑,서울 중구 서소문동 120-28,양식,87000,
김재원,새누리당,남도마루,서울 영등포구 은행로 3,일식,214000,
박민식,새누리당,남도마루,서울시 영등포구 은행로3,한식,204000,언론기자 간담회
박민식,새누리당,남도마루,서울시 영등포구 은행로3,한식,238000,언론기자 간담회
김재원,새누리당,남도제철음식,서울 영등포구 여의도동 13-20,한식,86000,
박병석,더불어민주당,남한산성식당,대전 서구 둔산동 1304,한식,48000,
강기정,새정치민주연합,남해바다,광주 북구 서하로 156,기타,284000,관피아방지특위활동 간담회
김재원,새누리당,너섬,서울 영등포구 여의도동 17-1,한식,64000,
김재원,새누리당,너섬,서울 영등포구 여의도동 17-1,한식,56000,
김재원,새누리당,너섬,서울 영등포구 여의도동 17-1,한식,120000,
김재원,새누리당,너섬,서울 영등포구 여의도동 17-1,한식,57000,
김재원,새누리당,너섬,서울 영등포구 여의도동 17-1,한식,12000,
김재원,새누리당,너섬,서울 영등포구 여의도동 17-1,한식,32000,
김재원,새누리당,너섬,서울 영등포구 여의도동 17-1,한식,81000,
김재원,새누리당,너섬,서울 영등포구 여의도동 17-1,한식,40000,
김재원,새누리당,너섬,서울 영등포구 여의도동 17-1,한식,64000,
김재원,새누리당,너섬,서울 영등포구 여의도동 17-1,한식,146000,
박병석,더불어민주당,너섬,서울 영등포구 여의도동 17-1,한식,65000,
심상정,정의당,너섬,서울 영등포구 여의도동 17-1,한식,42000,식대(의원 외 1인)
심상정,정의당,너섬,서울 영등포구 여의도동 17-1,한식,40000,식대(의원 외 2인)
박민식,새누리,너섬가,서울시 영등포구 여의도동 13-19,일식,199000,언론기자 간담회
박민식,새누리,너섬가,서울시 영등포구 여의도동 13-19,일식,200000,언론기자 간담회
박민식,새누리,너섬가,서울시 영등포구 여의도동 13-19,일식,149000,언론기자 간담회
박민식,새누리,너섬가,서울시 영등포구 여의도동 13-19,일식,148000,언론기자 간담회
박민식,새누리,너섬가,서울시 영등포구 여의도동 13-19,일식,176000,언론기자 간담회
박민식,새누리,너섬가,서울시 영등포구 여의도동 13-19,한식,225000,언론기자 간담회
박민식,새누리,너섬가,서울시 영등포구 여의도동 13-19,한식,150000,언론기자 간담회
박병석,더불어민주당,너섬가,서울 중구 순화동 1-47,한식,120000,
박병석,더불어민주당,너섬가,서울 중구 순화동 1-47,한식,180000,사무처 국제국 직원 간담회
박병석,더불어민주당,너섬가,서울 중구 순화동 1-47,한식,100000,
심상정,정의당,너섬가,서울시 영등포구 여의도동 13-19,한식,80000,식대(의원 외 4인)
심상정,정의당,너섬가,서울시 영등포구 여의도동 13-19,한식,40000,식대(의원 외 2인)
이철우,새누리당,너섬가,서울시 영등포구 여의도동 13-19,한식,318000,안행위 소득세법 간담회
서청원,새누리당,노다지한우,평창군 대관령면 올림픽로 155,한식,128000,평창올림픽 경기장 관련 정책간담회
심상정,정의당,노량진농수산물납세조합,서울 동작구 노량진 1동 노량진수산시장 고급 199호,한식,75000,의원실 회의비(의원 외 5인)
김재원,새누리당,노조미,서울 영등포구 여의도동 15-24,일식,114000,
김재원,새누리당,노조미,서울 영등포구 여의도동 15-24,일식,586000,
김재원,새누리당,녹향,경북 의성군 의성읍 후죽5길 8-5,한식,399000,
김재원,새누리당,녹향,경북 의성군 의성읍 후죽5길 8-5,한식,386000,
김재원,새누리당,녹향,경북 의성군 의성읍 후죽5길 8-5,한식,320000,
김재원,새누리당,녹향,경북 의성군 의성읍 후죽5길 8-5,한식,215000,
김재원,새누리당,녹향,경북 의성군 의성읍 후죽5길 8-5,한식,248000,
김재원,새누리당,녹향,경북 의성군 의성읍 후죽5길 8-5,한식,328000,
김재원,새누리당,논현삼계탕여의도점,서울 영등포구 국회대로 68길 7,한식,75000,
정갑윤,새누리당,놀부보쌈,영등포구 영등포동3가 3-6,한식,15500,식대
강기정,새정치민주연합,농가농가,광주 서구 쌍촌동 276-2,한식,453100,시의회 출입기자 간담회
김재원,새누리당,농가의식탁,서울 서초구 방배천로 155 1층,한식,450000,
김재원,새누리당,농가의식탁,서울 서초구 방배천로 155 1층,한식,320000,
심상정,정의당,늘단비,서울 종로구 청진동 47,한식,140000,식대(의원 외 4인)
심상정,정의당,다담,서울 영등포구 여의도동 28-3,한식,27000,정책회의 다과떡
강기정,새정치민주연합,다도바다,광주 북구 중흥동 655-5,기타,396000,신용정보유출관련정책간담회
심상정,정의당,다리,서울특별시 강남구 영동대로 516,일식,24000,식대(의원 외 2인)
류성걸,새누리당,다봉,서울특별시 서초구 반포동 63-1,일식,471400,정책 간담회
박대동,새누리당,다빈,서울 서초구 반포동 1190 반포상가 1-14,중식,51000,의원 및 수행원 식대
박병석,더불어민주당,다원,서울 영등포구 여의도동 15-23,한식,235000,한류정책연구회 의원간담회
박병석,더불어민주당,다원,서울 영등포구 여의도동 15-23,한식,165000,금융위국정조사 자료 수집
박병석,더불어민주당,다원,서울 영등포구 여의도동 15-23,한식,90000,
박병석,더불어민주당,다원,서울 영등포구 여의도동 15-23,한식,135000,
박병석,더불어민주당,다원,서울 영등포구 여의도동 15-23,한식,165000,대정부질문 자료수집간담회
박병석,더불어민주당,다원,서울 영등포구 여의도동 15-23,한식,264000,예산관련 간담회
박병석,더불어민주당,다원,서울 영등포구 여의도동 15-23,한식,199000,예산관련 간담회
박병석,더불어민주당,다원,서울 영등포구 여의도동 15-23,한식,288000,보육정책 간담회
박병석,더불어민주당,다원,서울 영등포구 여의도동 15-23,한식,297000,정무위원 간담회
심상정,정의당,다원,서울 영등포구 여의도동 14-21,중식,71500,식대(의원 외 5인)
류성걸,새누리당,다화,서울특별시 영등포구 여의도동 13-21,한식,108000,보좌진 간담회
김재원,새누리당,닥터로빈여의도점,서울 영등포구 여의도동 14-3,양식,72450,
김재원,새누리당,닥터로빈여의도점,서울 영등포구 여의도동 14-3,양식,10600,
김재원,새누리당,달개비,서울 종로구 재동 32-10,한식,154000,
박병석,더불어민주당,달개비자연음식전문점,서울 중구 정동 3번지,한식,88000,
김재원,새누리당,달인디아,서울 종로구 소격동 144-2 아트선재센타,양식,200000,
김재원,새누리당,대가,서울 영등포구 여의도동 17-16 대성빌딩,한식,149000,
심상정,정의당,대가순두부,고양시 덕양구 화정동 968-2,한식,60000,지역 직원 현안 토론회 회의비(의원 외 4인)
김관영,국민의당,대교,마포구 도화동 194-22,한식,130000,"의원, 기자단 만찬 간담회"
박병석,더불어민주당,대나무통밥큰정식,대전 대덕구 오정동 390-3,한식,55000,
박병석,더불어민주당,대나무통밥큰정식,대전 대덕구 오정동 390-3,한식,48000,
박민식,새누리당,대박갈비,서울시 서대문구 대현동 90-53,한식,26000,정기국회관련 간담회
김관영,국민의당,대방골,서울특별시 영등포구 여의도동 13-28,한식,243000,"의원, 언론사 기자단 오찬 간담회"
김관영,국민의당,대방골,서울특별시 영등포구 여의도동 13-28,한식,114000,"의원, 언론사 기자단 오찬간담회"
김관영,국민의당,대방골,서울특별시 영등포구 여의도동 13-28,한식,198000,"의원, 인터넷 기자단 오찬 간담회"
김관영,국민의당,대방골,서울특별시 영등포구 여의도동 13-28,한식,226000,"의원, 경제지 기자단 간담회"
김관영,국민의당,대방골,서울특별시 영등포구 여의도동 13-28,한식,208000,"의원, 중앙지 기자 오찬 간담회"
김광림,새누리당,대방골,서울특별시 영등포구 여의도동 13-28,한식,126000,기자간담회
김광림,새누리당,대방골,서울특별시 영등포구 여의도동 13-28,한식,243000,기자간담회
김용태,새누리당,대방골,서울특별시 영등포구 여의도동 13-28,한식,228000,간담회 식사 - 정무위원회
김재원,새누리당,대방골,서울특별시 영등포구 여의도동 13-28,한식,380000,
김재원,새누리당,대방골,서울특별시 영등포구 여의도동 13-28,한식,166000,
김재원,새누리당,대방골,서울특별시 영등포구 여의도동 13-28,한식,382000,
김재원,새누리당,대방골,서울특별시 영등포구 여의도동 13-28,한식,396000,
김재원,새누리당,대방골,서울특별시 영등포구 여의도동 13-28,한식,342000,
김태호,새누리당 ,대방골,서울특별시 영등포구 여의도동 13-28,한식,365000,간담회
김태호,새누리당 ,대방골,서울특별시 영등포구 여의도동 13-28,한식,485000,간담회
김태호,새누리당 ,대방골,서울특별시 영등포구 여의도동 13-28,한식,114000,정책 간담회
박대동,새누리당,대방골,서울특별시 영등포구 여의도동 13-28,한식,110000,정기국회 대비 간담회
박대동,새누리당,대방골,서울특별시 영등포구 여의도동 13-28,한식,90000,정무위 법안소위 관련 간담회
박병석,더불어민주당,대방골,서울특별시 영등포구 여의도동 13-28,한식,304000,성균관대 미국로스쿨 학생간담회
심상정,정의당,대방골,서울특별시 영등포구 여의도동 13-28,한식,97000,회의비(의원 외 5인)
이철우,새누리당,대방골,서울특별시 영등포구 여의도동 13-28,한식,356000,정보위원 간담회
김관영,국민의당,대보름,영등포구 여의도동 14-35 금강빌딩 지하 1층,한식,330000,국회출입기자단 만찬간담회
박병석,더불어민주당,대선칼국수,대전 서구 둔산동 1440 2층,한식,58500,
박병석,더불어민주당,대성생삼겹,대전 대덕구 대전로 1157번길,한식,86000,
박병석,더불어민주당,대성콩국수,대전 서구 도마동 67-5,한식,35000,
김재원,새누리당,대어초밥,대구 수성구 두산동 206-5,일식,166000,
박병석,더불어민주당,대운식당,대전 동구 삼성동 304-6,한식,62000,
박명재,새누리당,대일물회,경북 포항시 남구 중앙로 115,한식,74000,국가보조금제도 토론회 관련 회의(3명)
박병석,더불어민주당,대전칼국수,대전 서구 만년동 334 가원빌딩 201,한식,43500,
김재원,새누리당,대치동함흥면옥,서울 강남구 대치1동 1023-2 지상1층,한식,46000,
이철우,새누리당,대풍회초밥,대구광역시 동구 동부로22길 43,일식,500000,기자 간담회
박명재,새누리당,더 차이니스 레스토랑,서울시 용산구 소월로332,중식,693000,독도토론회 준비관련회의(7명)
김재원,새누리당,더 플라자 호텔,서울 중구 장교동 1,양식,1245100,
김무성,새누리당,더디퍼커피,서울 영등포구 여의도동 55-1 대우트럼프월드 비-101,커피,10000,정책개발을 위한 보좌진과의 의정논의
김재원,새누리당,더섬,서울특별시 영등포구 여의도동 13-21,일식,73000,
김재원,새누리당,더섬,서울특별시 영등포구 여의도동 13-21,일식,56000,
김태호,새누리당 ,더섬,서울특별시 영등포구 여의도동 13-21,일식,466000,간담회
류성걸,새누리당,더섬,서울특별시 영등포구 여의도동 13-21,일식,187000,기자 간담회
박민식,새누리당,더섬,서울특별시 영등포구 여의도동 13-21,한식,90000,언론기자 간담회
박병석,더불어민주당,더함뜰,대전 우성구 덕명동 171-13,한식,70000,
김재원,새누리당,독토,서울 영등포구 여의도동 14-2 동아빌딩지하,한식,300000,
김태호,새누리당 ,돌하르방,서울특별시 영등포구 여의도동 45-3,한식,808000,간담회
김관영,국민의당,동경식당,서울 영등포구 여의도동 28-3,일식,125600,"의원, 국회출입기자단 만찬 간담회"
김관영,국민의당,동경식당,서울 영등포구 여의도동 28-3,일식,179000,"의원, 인터넷 기자단 오찬 간담회"
심상정,정의당,동경식당,서울 영등포구 여의도동 28-3,일식,141000,식대(의원 외 5인)
박병석,더불어민주당,동경일식,대전 서구 관전 2동 1112번지,일식,105000,
박병석,더불어민주당,동경일식,대전 서구 관저 2동 1112번지,일식,110000,
김관영,국민의당,동해도,영등포구 여의도동 14-15 안원빌딩 지하,일식,420000,"의원, 방송사 기자단 만찬 간담회"
김관영,국민의당,동해도,영등포구 여의도동 14-15 안원빌딩 지하,일식,60000,"의원, 기자단 오찬 간담회"
김관영,국민의당,동해도,영등포구 여의도동 14-15 안원빌딩 지하,일식,76000,"의원, 기자단 오찬간담회"
류성걸,새누리당,동해도,서울특별시 중구 삼각동 115,일식,305000,기자 간담회
박명재,새누리당,동해도,서울 영등포구 여의도동 14-15,한식,192000,교육공무원법개정관련 전문가간담회 (6명)
박민식,새누리당,동해도,서울시 영등포구 여의도동 14-15,일식,264000,형법 개정안 관련 인터뷰 준비
정갑윤,새누리당,동해도,서울 영등포구 여의도동 14-15,일식,147000,식대
심상정,정의당,동해도스시,서울특별시 영등포구 은행로 25,일식,43800,식대(의원 외 2인)
심상정,정의당,동해도스시,서울특별시 영등포구 은행로 25,일식,45800,식대(의원 외 2인)
심상정,정의당,동해도스시,서울특별시 영등포구 은행로 25,일식,45800,식대(의원 외 4인)
심상정,정의당,동해도스시,서울특별시 영등포구 은행로 25,일식,68700,식대(의원 외 4인)
이철우,새누리당,동해도스시,서울특별시 영등포구 은행로 25,일식,72000,서울 직원 식대
이철우,새누리당,동해도스시,서울특별시 영등포구 은행로 25,일식,112000,세월호 관련 간담회
심상정,정의당,동해별관,서울시 영등포구 여의도동 43-3,한식,464000,기자 간담회(의원 외 15명)
강기정,새정치민주연합,동해에서,광주 서구 치평동 1189-5,기타,343000,기자간담회
박대동,새누리당,동해한정식,서울 마포구 상수동356-6 용선빌딩 5층,한식,398000,여행자 보험법 개정 관련 간담회
박대동,새누리당,두가헌,서울시 종로구 사간동 109,한식,463000,대부업법 개정관련 간담회
서청원,새누리당,두레에프엔씨,서울 종로구 인사동 8-7,한식,946000,재외국민 안전대책 간담회
박병석,더불어민주당,두마,서울 종로구 경화로길 37,한식,165000,한류정책연구회 의원간담회
강기정,새정치민주연합,두암골설렁탕,광주 북구 두암2동 843-10,한식,75000,식사비
박병석,더불어민주당,등촌칼국수,대전 서구 둔산동 1439,한식,35000,
김재원,새누리당,디타이펑코리아강남,서울 서초구 서초동 1317-31 2층,중식,129780,
류성걸,새누리당,또순이,대전광역시 중구 대흥동 508-14,한식,126000,보좌진 간담회
강기정,새정치민주연합,뚝배기생태탕,광주 북구 중흥동 535,한식,100000,만성질환제정법 관련 토론 간담회
강기정,새정치민주연합,락우생복집,광주 서구 쌍촌동 1314-2,한식,38000,식사비
김광림,새누리당,르네상스호텔,서울 강남구 테헤란로 237,기타,51998,기자간담회
박병석,더불어민주당,리베라호텔,대전 유성구 봉명동 444-5,기타,66300,
박병석,더불어민주당,리베라호텔,대전 유성구 봉명동 444-5,기타,51000,
박병석,더불어민주당,리베라호텔,대전 유성구 봉명동 444-5,기타,16340,
박병석,더불어민주당,리베라호텔,대전 유성구 봉명동 444-5,기타,35100,
박병석,더불어민주당,리베라호텔,대전 유성구 봉명동 444-5,기타,125600,
박병석,더불어민주당,리베라호텔,대전 유성구 봉명동 444-5,기타,32000,
박병석,더불어민주당,리베라호텔,대전 유성구 봉명동 444-5,기타,121300,
박병석,더불어민주당,리베라호텔,대전 유성구 봉명동 444-5,기타,399000,대전지역위원장 회의
박병석,더불어민주당,리베라호텔,대전 유성구 봉명동 444-5,기타,127500,
정갑윤,새누리당,리샨,서울 영등포구 여의도동 17,중식,63000,식대
김무성,새누리당,리스토란테밸리니,서울 서초구 서초3동 700번지,양식,74500,정책개발을 위한 보좌진과의 의정논의
박대동,새누리당,마노디셰프,서울시 강남구 테헤란로 110,양식,100700,보험사 현안관련 간담회
박민식,새누리당,마당집,부산시 진구 부전1동,한식,24000,부산 로파크 관련 간담회
강기정,새정치민주연합,마루,광주 광산구 수완로 57 101호,한식,160000,정국현안관련 간담회
강기정,새정치민주연합,마루,광주 광산구 수완로 57 101호,한식,60000,식사비
정갑윤,새누리당,마포나룻터,서울 마포구 용강동 50-16,한식,250000,식대
김관영,국민의당,마포만두,영등포구 여의도동 17 더샵아일랜드 1층,기타,43500,"의원, 보좌진 식대 "
박명재,새누리당,마포집손칼국수,경기 수원시 권선구 탑동 431-1,한식,38000,영유아보육법안준비관련 보좌지회의(3명)
박명재,새누리당,마포집손칼국수,수원시 권선구 탑동 431-1,한식,490000,한국수출은행국정감사 준비고나련 회의(2명)
강기정,새정치민주연합,맛을찾는사람,광주 북구 오치동 1047-6,한식,72000,식사비
강기정,새정치민주연합,맛집한겨레,광주 동구 궁동 56-2,한식,49000,식사비
박병석,더불어민주당,맛청,대전 서구 둔산로 51번길 16,기타,72000,
김재원,새누리당,매일매일포차횟집,서울 마포구 신공덕동 80-12,일식,80000,
정갑윤,새누리당,먹쉬돈나,서울 서대문구 창천동 30-45,분식,28000,식대
김재원,새누리당,멜로디후르츠,서울 마포구 도화동 51-1 성우빌딩,양식,169900,
김재원,새누리당,명가찜갈비,울산 북구 동대8길 14 1층,한식,86000,
박민식,새누리당,명동칼국수,서울특별시 서초구 반포동,한식,14000,지역현안관련 회의
강기정,새정치민주연합,명산활어,광주 북구 신안동 15-2,기타,99000,광주시 자동차산업 관련 간담회
박병석,더불어민주당,명품사골순대,대전 서구 둔산로 4번길 25,한식,18000,
박병석,더불어민주당,목련관,대전 서구 괴정동 128-6,한식,30000,
박병석,더불어민주당,목련관,대전 서구 괴정동 128-6,한식,240000,대전지역위원장 회의
박병석,더불어민주당,목련관,대전 서구 괴정동 128-6,한식,230000,대전지역위원장 간담회
김태호,새누리당 ,목포세발낙지,서울시 강서구 염창동 283-11,한식,370000,정책 간담회
류성걸,새누리당,목포세발낙지,서울시 강서구 염창동 283-11,한식,248000,보좌진 간담회
류성걸,새누리당,목포세발낙지,서울시 강서구 염창동 283-11,한식,72000,보좌진 간담회
강기정,새정치민주연합,무돌,서울특별시 강남구 청담동 23,한식,98000,식사비
강기정,새정치민주연합,무안뻘(가래),광주 북구 두암동 576-14,한식,40000,식사비
김재원,새누리당,무적가,서울 영등포구 여의도동 17 더샵아일랜드 지상1층,한식,391000,
김관영,국민의당,무지개,영등포구 여의도동 13-5,한식,84000,의원 조찬모임 식대 
김관영,국민의당,무지개,영등포구 여의도동 13-5,한식,102000,의원단 조찬간담회(당 향후 방향 관련)
정갑윤,새누리당,미강식당,울산 남구 달동 1295-5,한식,347000,KBS 기자 간담회
박민식,새누리당,미락,부산시 연제구 거제천로 78,한식,80000,지역현안관련 간담회
정갑윤,새누리당,미래수산,,한식,140000,식대
이철우,새누리당,미성,서울 종로구 내자동 154-2번지,한식,620000,남북내륙철도 시도 간담회
심상정,정의당,미소야(덕양 구청점),고양시 덕양구 화정동 966-1,일식,7000,의원 수행 식대
박병석,더불어민주당,미스터왕식당,대전 서구 둔산동 1176,중식,68000,
박병석,더불어민주당,미스터왕식당,대전 서구 둔산동 1176,중식,95000,
박병석,더불어민주당,미스터왕식당,대전 서구 둔산동 1176,중식,66000,
김태호,새누리당 ,미진숯불갈비,경상남도 김해시 부원동 169-6,한식,677000,시청시자간담회
김재원,새누리당,민소한우,서울특별시 영등포구 여의도동 26-1,한식,282000,
김재원,새누리당,민소한우,서울특별시 영등포구 여의도동 26-1,양식,751000,
김재원,새누리당,민소한우,서울특별시 영등포구 여의도동 26-1,한식,481000,
류성걸,새누리당,민소한우,서울특별시 영등포구 여의도동 26-1,한식,450000,보좌진 간담회
정갑윤,새누리당,민소한우,서울특별시 영등포구 여의도동 26-1,한식,238000,식대
김광림,새누리당,민우네 김밥,경북 안동시 남은동 제비원상가 1호 ,분식,117500,신년인사회 다과
강기정,새정치민주연합,바다로,광주 북구 문흥동 1001-4,기타,99000,식사비
강기정,새정치민주연합,바다회타운,광주 동구 지산동 712-33,기타,69000,식사비
박병석,더불어민주당,바다횟집,대전 중구 동대로 1203-2,기타,70000,
박병석,더불어민주당,바다횟집,대전 중구 동대로 1203-2,기타,70000,
김재원,새누리당,바루,서울 종로구 견지동 71,한식,308000,
강기정,새정치민주연합,밤실한우촌,광주 북구 밤실로 191번길 6,한식,90000,공무원 연금개혁현안 간담회의
김용태,새누리당,백남관광(주)프레지던트호텔,서울 중구 을지로1가 1 88-3,호텔,180000,간담회 식사 - 의원연구단체 (한중포럼)
김재원,새누리당,백년한정식,서울 서초구 남부순환로323길1 지하1층,한식,27000,
박민식,새누리당,백로,서울특별시 용산구 청파로 378 ,한식,7500,정보유출 대책회의
김재원,새누리당,백원,서울 영등포구 여의공원로 101,중식,200000,
심상정,정의당,백제 231,서울시 동작구 사당동 265-11,한식,39000,식대(의원 외 1인)
심상정,정의당,백제 231,서울시 동작구 사당동 265-11,한식,75000,식대(의원 외 5인)
박병석,더불어민주당,뱃고동낙지마당,대전 서구 경림동 583,한식,79800,
박병석,더불어민주당,뱃고동낙지마당,대전 서구 정림동 583,한식,32300,
김재원,새누리당,벙글벙글,대구 중구 동덕로36길 9-12 2층,한식,52000,
김재원,새누리당,베이징코야,서울 강남구 역삼동 725-9,중식,176000,
김재원,새누리당,베이징코야,서울 강남구 역삼동 725-9,중식,1159100,
김재원,새누리당,베이징코야,서울 강남구 역삼동 725-9,중식,952000,
김재원,새누리당,베이징코야,서울 강남구 역삼동 725-9,중식,151000,
김재원,새누리당,벤-2,서울 영등포구 여의도동 13-22 지하1층,양식,300000,
김재원,새누리당,병천황토순대,서울 영등포구 여의도동 13-22  지하5호,한식,78000,
김관영,국민의당,보드람,영등포구 여의도동 17 ,양식,67000,"의원, 방송사 심야토론 기획팀 식대 "
서상기,새누리당,보리보리 옥선이 시골밥상,서울 종로구 명륜동1가 35,한식,78000,정책개발간담회
강기정,새정치민주연합,복어촌,광주 북구 용봉동 1341-2,한식,79000,식사비
류성걸,새누리당,본가갈비,경기도 수원시 팔달구 우만동 469-7,한식,22000,보좌진 간담회
강기정,새정치민주연합,본가네추어탕,광주 북구 두암동 560-40,한식,42000,식사비
박명재,새누리당,본죽 여의도,서울시 영등포구 여의도동16 더샵 아일랜드파크,한식,64500,상임위관련 보좌직원 간담회 (6명)
박명재,새누리당,본죽 천천점,경기 수윈시 장안구 천천동 527-8,한식,23500,조세법안 준비 관련 회의(3명)
박명재,새누리당,본죽 천천점,경기 수윈시 장안구 천천동 527-8,한식,13000,상임위 준비관련회의(2명)
박명재,새누리당,본죽 천천점,경기 수윈시 장안구 천천동 527-8,한식,16000,공공기관 임금피크제 관련회의(2명)
류성걸,새누리당,봄샘,서울특별시 영등포구 여의도동 14-12,한식,78000,보좌진 간담회
정갑윤,새누리당,봄샘,서울특별시 영등포구 여의도동 14-12,한식,868000,새누리당 당직자 간담회
심상정,정의당,봄소,고양시 일산동구 백석동 1331-2,한식,45000,식대(의원 외 2인)
박명재,새누리당,봉가진,경기 안양시 동안구 평촌대로436,한식,74000,군 인권 개선 및 병영문화혁신 특위 관련 회의(3명)
김광림,새누리당,봉평 메밀막국수,서울 동작구 사당동 252-17 서림빌딩 2층,한식,192000,정책 간담회
김무성,새누리당,봉피양마포,서울 마포구 용강동 500 50-3번지,한식,117000,정책개발을 위한 국회의원과의 의정논의
강기정,새정치민주연합,부부순대,광주 동구 필문대로 192번길 8,한식,27000,식사비
김재원,새누리당,부산복집,서울 영등포구 여의도동 한양빌딩 14-31,한식,14000,
강기정,새정치민주연합,부영식육식당,전남 나주시 남평읍 남평리 178-14,한식,160000,세월호 현안 관련 간담회
서청원,새누리당,부흥회집,동해시 목호동 2-286,한식,82000,지방세법 개정 관련 정책간담회
김재원,새누리당,북촌마님,서울 종로구 북촌로 65,한식,570000,
강기정,새정치민주연합,북해도,광주 서구 쌍촌동 965-23 1층,기타,63000,식사비
강기정,새정치민주연합,불타는 복돼지,광주 북구 대천로 124-9 문흥동,한식,99000,4대강 녹조조사현안 간담회
강기정,새정치민주연합,불타는 복돼지,광주 북구 대천로 124-9 문흥동,한식,99000,공무워 연금개혁 간담회
김재원,새누리당,블랙앵거스 프리미엄,,기타,110000,
김재원,새누리당,블루문,서울 강남구 도곡2동 467-19 현대비젼21 308호,양식,105000,
김재원,새누리당,블루문,서울 강남구 도곡2동 467-19 현대비젼21 308호,양식,105000,
류성걸,새누리당,사까에,서울특별시 중구 태평로1가 61-1,일식,229900,보좌진 간담회
박명재,새누리당,사당경복궁,서울시 서초구 방배동 444-3 파스텔시티 6층,한식,112000,보조금관리법개정관련 전문가 간담회 (4명)
이철우,새누리당,사리원소반,서울특별시 구로구 경인로 662 디큐브백화점 5층,한식,240000,정보위결산관련 간담회
박민식,새누리,사월에보리밥,서울시 서초구 서초대로 73길,한식,19000,지역구 현안 사업관련 간담회
박대동,새누리당,사조참치,서울시 영등포구 여의도동 17-26,한식,264000,지역현안 및 예산 관련 간담회
강기정,새정치민주연합,산수옥모밀,광주 북구 각화동  506-7,한식,34500,식사비
강기정,새정치민주연합,산수옥모밀,광주 북구 각화동  506-7,한식,18000,식사비
강기정,새정치민주연합,산수옥모밀,광주 북구 각화동  506-7,한식,28000,식사비
강기정,새정치민주연합,산수옥모밀,광주 북구 각화동  506-7,한식,22500,식사비
김재원,새누리당,산야한정식,경북 의성군 의성읍 후죽리 735-2,한식,150000,
심상정,정의당,산채향,서울 종로구 신문로 2가,한식,91000,식대(의원 외 7인)
심상정,정의당,산채향,서울 종로구 신문로 2가 1-209,한식,136000,식대(의원 외 3인)
강기정,새정치민주연합,산해들애,광주 서구 계수로 51번길 8 쌍촌동 1층,한식,29700,식사비
김재원,새누리당,산해들애와바,서울 영등포구 국회대로 70길 15-1,한식,197000,
김재원,새누리당,산해들애와바,서울 영등포구 국회대로 70길 15-1,한식,146000,
박병석,더불어민주당,산호초횟집,대전 서구 둔산로 123번길 28,한식,70000,
김재원,새누리당,삼도회집,서울 영등포구 여의도동 17-1 금산빌딩,일식,112000,
김재원,새누리당,삼도회집,서울 영등포구 여의도동 17-1 금산빌딩,일식,161000,
김재원,새누리당,삼도회집,서울 영등포구 여의도동 17-1 금산빌딩,일식,70000,
박대동,새누리당,삼보정,서울시 영등포구 여의도동 35-5,한식,56000,의원 및 수행원 식대
박대동,새누리당,삼보정,서울시 영등포구 여의도동 35-5,한식,34000,의원 및 수행원 식대
박대동,새누리당,삼보정,서울시 영등포구 여의도동 35-5,한식,35000,의원 및 수행원 식대
정갑윤,새누리당,삼보정,서울시 영등포구 여의도동 35-5,한식,56000,식대
박대동,새누리당,삼주외식산업(주),세종시 다솜3로 48,한식,742000,지역예산관련 간담회
정갑윤,새누리당,삼청칼국수,서울 종로구 삼청동 62-13,한식,16000,식대
서청원,새누리당,상도갈비,동작구 상도1동 526번지,한식,598000,신분당선 통합거리비례요금제 관련 간담회
박병석,더불어민주당,새양원,서울 영등포구 여의도동 15-11,중식,33000,
박민식,새누리,색동저고리,서울 영등포구 여의도동 14-13,한식,80000,지역현안관련 관계자 회의
김재원,새누리당,생태명가,서울 영등포구 여의도동 14-13,한식,127000,
김재원,새누리당,생태명가,서울 영등포구 여의도동 14-13,한식,95000,
김재원,새누리당,생태명가,서울 영등포구 여의도동 14-13,한식,90000,
김재원,새누리당,생태명가,서울 영등포구 여의도동 14-13,한식,82000,
김재원,새누리당,생태명가,서울 영등포구 여의도동 14-13,한식,35000,
김재원,새누리당,생태명가,서울 영등포구 여의도동 14-13,한식,35000,
박병석,더불어민주당,샤브한쌈,대전 유성구 용계동 664-4,한식,63000,
박명재,새누리당,샹그리라,서울시 영등포구 여의도동 아일랜드 101-114,양식,60000,긴급현안질의 준비관련 보좌직원 회의
박민식,새누리,서강팔경,서울시 마포구 상수동 356-6,한식,55000,지역현안관련 간담회
심상정,정의당,서강팔경,서울시 마포구 상수동 356-6,양식,83600,식대(의원 외 1인)
심상정,정의당,서강팔경,서울시 마포구 상수동 356-6,양식,110000,식대(의원 외 3인)
심상정,정의당,서강팔경,서울시 마포구 상수동 356-6,양식,110000,식대(의원 외 3인)
강기정,새정치민주연합,서대나라,광주 북구 두암동 841-14,한식,49000,식사비
박대동,새누리당,서래본가,서울 서초구 반포동 93-1,한식,331800,보험업법 개정 관련 간담회
정갑윤,새누리당,서리풀,서울 서초구 반포4동 65-2,한식,24000,식대
김재원,새누리당,서산꽃게전문전,서울 마포구 도화동 201-5,한식,168000,
김재원,새누리당,서울마리나,서울 영등포구 여의도동 81-8,양식,261700,
이철우,새누리당,서울마리나 주식회사,서울특별시 영등포구 여의서로 160,뷔페,236500,재난관련 간담회
이철우,새누리당,서울마리나 주식회사,서울특별시 영등포구 여의서로 160,뷔페,197100,국가미래전략 간담회
심상정,정의당,서울역그릴,서울 용산구 한강대로 405,양식,93500,식대(의원 외 3인)
심상정,정의당,서울역그릴,서울 용산구 한강대로 405,양식,23500,식대(의원 외 2인)
심상정,정의당,서울역그릴,서울 용산구 한강대로 405,양식,43000,식대(의원 외 2인)
김재원,새누리당,석림옛집,경기 광주시 남종면 이석리 77-3,한식,74000,
강기정,새정치민주연합,석암돌솥밥,광주 북구 대천로 139번길 8-1,한식,80000,식사비
강기정,새정치민주연합,석암돌솥밥,광주 북구 대천로 139번길 8-1,한식,64000,식사비
강기정,새정치민주연합,석암돌솥밥,광주 북구 대천로 139번길 8-1,한식,32000,식사비
강기정,새정치민주연합,석암돌솥밥,광주 북구 대천로 139번길 8-1,한식,40000,식사비
서청원,새누리당,설봉,평창군 대관령면 횡계리 344-66,한식,58000,관광산업 지원 입법을 위한 간담회
심상정,정의당,성빈장,서울 영등포구 여의도동 17-16,중식,19500,식대(의원 외 1인)
심상정,정의당,성빈장,서울 영등포구 여의도동 17-16,중식,13000,의원 수행 식대
김재원,새누리당,세브브로이펍,서울 영등포구 국회대로74길 9 2층,양식,447000,
정갑윤,새누리당,세정장어구이,울산시 중구 다운동 802-10,한식,386000,MBC 기자 간담회
정갑윤,새누리당,세정장어구이,울산시 중구 다운동 802-10,한식,66000,식대
박대동,새누리당,센트럴관광개발(주),서울 서초구 반포4동 19-3번지,한식,595000,지역예산 및 현안 관련 간담회
강기정,새정치민주연합,소나무,광주 북구 풍향동 601-16,한식,98000,식사비
강기정,새정치민주연합,소나무,광주 북구 풍향동 601-16,한식,98000,광주지역 정책현안 간담회
박명재,새누리당,소담,경기도 과천시 가일로49,한식,140000,세월호 현안관련 회의(6명)
김재원,새누리당,소들녘,서울 송파구 방이동 51-10,한식,169000,
김재원,새누리당,소쇄원국시,서울 영등포구 국회대로 74길 19,한식,194000,
김재원,새누리당,소쇄원국시,서울 영등포구 국회대로74길 18,한식,34000,
김재원,새누리당,소쇄원국시,서울 영등포구 국회대로 74길 19,한식,51000,
김재원,새누리당,소쇄원국시,서울 영등포구 국회대로 74길 19,한식,96000,
김재원,새누리당,소쇄원국시,서울 영등포구 국회대로 74길 19,한식,74000,
김재원,새누리당,소쇄원국시,서울 영등포구 국회대로 74길 19,한식,51000,
강기정,새정치민주연합,소호정,서울 영등포구 여의도동 13,한식,147000,연금특위 간담회
김재원,새누리당,소호정,서울 영등포구 여의도동 13,한식,20000,
김재원,새누리당,소호정,서울 영등포구 여의도동 13,한식,30000,
김재원,새누리당,소호정,서울 영등포구 여의도동 13,한식,71000,
김재원,새누리당,소호정,서울 영등포구 여의도동 13,한식,61000,
김재원,새누리당,소호정,서울 영등포구 여의도동 13,한식,260000,
김재원,새누리당,소호정,서울 영등포구 여의도동 13,한식,112000,
박대동,새누리당,소호정,서울 영등포구 여의도동 13,한식,332000,은행권 현안관련 실무자 간담회
박대동,새누리당,소호정,서울 영등포구 여의도동 13,한식,106000,지역현현안 관련 간담회
박대동,새누리당,소호정,서울 영등포구 여의도동 13,한식,128000,상임위현안 관련 간담회
박대동,새누리당,소호정,서울 영등포구 여의도동 13,한식,143000,정기국회 대비 간담회
박대동,새누리당,소호정,서울 영등포구 여의도동 13,한식,96000,대부업법 개정관련 전문가 간담회
박대동,새누리당,소호정,서울 영등포구 여의도동 13,한식,264000,금융사 규제완화 관련 간담회
박명재,새누리당,소호정,서울 영등포구 여의도동 13,한식,153000,대정부질문 회의
박병석,더불어민주당,소호정,서울 영등포구 여의도동 13,한식,52000,
박병석,더불어민주당,소호정,서울 영등포구 여의도동 13,한식,92000,
박병석,더불어민주당,소호정,서울 영등포구 여의도동 13,한식,60000,
박병석,더불어민주당,소호정,서울 영등포구 여의도동 13,한식,112000,
박병석,더불어민주당,소호정,서울 영등포구 여의도동 13,한식,50000,
박병석,더불어민주당,소호정,서울 영등포구 여의도동 13,한식,50000,
박병석,더불어민주당,속초해물목포낙지,대전 서구 둔산동 1254 1층,한식,162000,
김재원,새누리당,속초해물탕,서울 영등포구 여의도동 14-31 한양빌딩 지하1층,한식,90000,
류성걸,새누리당,송림회식당,대구광역시 동구 신천3동 192-2,한식,130000,보좌진 간담회
김재원,새누리당,송잇골,서울 강남구 청담동 22 4 지하1층,한식,583000,
박민식,새누리,송전,서울시 종로구 종로 14,한식,70000,지역현안관련 간담회
이철우,새누리당,송탄명가 왕짬뽕,서울특별시 금천구 디지털로 130 B 101호,중식,163000,규제개혁특별법 간담회
심상정,정의당,수도시락,서울 영등포구 양산로 31길 8,한식,16000,식대(의원 외1인)
심상정,정의당,수도시락,서울 영등포구 양산로 31길 8,한식,16000,식대(수행 2인)
심상정,정의당,수도시락,서울 영등포구 양산로 31길 8,한식,24000,식대(의원 외 2인)
심상정,정의당,수도시락,서울 영등포구 양산로 31길 8,한식,56000,시대(의원 외 4인)
심상정,정의당,수도시락,서울 영등포구 양산로 31길 8,한식,40000,식대(의원 외 3인)
김용태,새누리당,수석,서울 영등포구 여의도동 13-2 삼보빌딩 지하1층 106호,한식,130000,간담회 식사 - 서울시교육청
강기정,새정치민주연합,수원회관,경기도 수원시 팔달구 매산로 119,한식,45000,식사비
강기정,새정치민주연합,순대실록,서울특별시 종로구 동숭동 1-42,한식,153000,금융피해 구제기금 법안관련 간담회
강기정,새정치민주연합,순돌이네,광주 북구 문흥동 954-12,한식,98000,식사비
김관영,국민의당,순천추어탕,영등포구 여의도동 17-2,한식,44000,"의원, 보좌진 식대"
강기정,새정치민주연합,순천추어탕,서울특별시 영등포구 여의도동 14-31,한식,26000,식사비
강기정,새정치민주연합,순천추어탕,서울특별시 영등포구 여의도동 14-31,한식,43000,식사비
박명재,새누리당,스시 효,서울시 서초구 서초동 1327-26,일식,230000,국고보조금 제도 개선 관련 간담회(7명)
김재원,새누리당,스시미노루,서울 송파구 방이동 180-4 1층,일식,110000,
김재원,새누리당,스시순,서울 영등포구 여의도동 54-2 진주상가,일식,215000,
심상정,정의당,스시클럽,서울 영등포구 은행로 3,일식,46000,식대(의원 외 3인)
박병석,더불어민주당,시골집추어탕,대전 서구 정림동 226-25,한식,55000,
강기정,새정치민주연합,시장국밥집,광주 광산구 송정동 813-1,한식,13000,식사비
김재원,새누리당,시장식당,경북 의성군 안계면 용기 84번지,한식,60000,
강기정,새정치민주연합,시카프관광개발(주),광주 서구 치평동 1238-3,기타,200000,정책간담회
박대동,새누리당,식도원,서울시 서초구 반포동 817 반포상가 32-1,한식,109000,증권가 현안관련 간담회
박명재,새누리당,신니한우촌,충청북도 충주시 신나면 신덕로 296,한식,93000,군사시설법안 준비관련 회의(3명)
정갑윤,새누리당,신당양곱창,서울 영등포구 여의도동 13-20,한식,256000,식대
박병석,더불어민주당,신라복집,대전 중구 중춘동 390-1,한식,150000,천주교 현안 청취 간담회
박민식,새누리당,신선설농탕,서울시 영등포구 영등포동3가 6,한식,44000,상임위 현안관련 간담회
정갑윤,새누리당,신안촌,서울 종로구 새문안로5길,한식,256000,식대
심상정,정의당,신창면옥,서울 중구 오장동 90-8,한식,30000,식대(의원 외 2인)
강기정,새정치민주연합,신호등회관,전남 진도군 진도읍 남동리 777-13,한식,295000,중국국제에너지협력포럼 사후간담회
박민식,새누리당,신흥식당,부산시 강서구 경전철로 24번길 36,한식,10000,지방선거 관련 회의
박대동,새누리당,싱카이,서울 영등포구 여의도동 LG트윈타워,중식,178000,국정감사 평가 간담회
이철우,새누리당,싱카이 광화문,서울시 중구 태평로1가 84,중식,472000,택시복지를 위한 정책토론회
김재원,새누리당,씨앤에이치하스피탤러티,서울 영등포구 여의도동 28-3,기타,328000,
박민식,새누리당,씨제이푸드빌,부산시 강서구 공항진입로 108,한식,21000,상임위 국정조사 관련 회의
박병석,더불어민주당,씨제이푸드빌,서울 영등포구 여의도동 13번지,기타,44718,
김무성,새누리당,씨제이푸드빌,서울 영등포구 여의도동 13번지,한식,75300,정책개발을 위한 국회의원과의 의정논의
김재원,새누리당,아라곤,서울 영등포구 국회대로 74길 12 지하 1층,한식,24000,
김재원,새누리당,아사다라,대구 수성구 두산동 854,한식,400000,
박대동,새누리당,안동국시,서울 마포구 공덕동 105-137,한식,51000,정보통신망 정보보호법률 개정 관련 간담회
김재원,새누리당,애주가,서울 양천구 목동동로 53 117호,한식,68000,
강기정,새정치민주연합,양마니,서울특별시 영등포구 여의도동 13-3,한식,20000,식사비
강기정,새정치민주연합,양마니,서울특별시 영등포구 여의도동 13-3,한식,102000,관피아 근절방안 토론 간담회
강기정,새정치민주연합,양마니,서울특별시 영등포구 여의도동 13-3,한식,122000,공적연금토론회 사전간담회
류성걸,새누리당,양마니,서울특별시 영등포구 여의도동 13-3,한식,508000,보좌진 간담회
류성걸,새누리당,양마니,서울특별시 영등포구 여의도동 13-3,한식,291000,기자 간담회
류성걸,새누리당,양마니,서울특별시 영등포구 여의도동 13-3,한식,327000,보좌진 간담회
박민식,새누리당,양마니,서울특별시 영등포구 여의도동 13-3,한식,345000,언론기자 간담회
박민식,새누리당,양마니,서울특별시 영등포구 여의도동 13-3,한식,349000,언론기자 간담회
박민식,새누리당,양마니,서울특별시 영등포구 여의도동 13-3,한식,291000,언론기자 간담회
박민식,새누리당,양마니,서울특별시 영등포구 여의도동 13-3,한식,255200,언론기자 간담회
이철우,새누리당,양마니,서울특별시 영등포구 여의도동 13-3,한식,401000,경북의원 예산관련 간담회
박대동,새누리당,양자강,서울시 서초구 잠원동 58-24,중식,59000,의원 및 수행원 식대
김태호,새누리당 ,어도,서울특별시 강남구 논현동 99-1,일식,391000,정책 간담회
이철우,새누리당,어부가,서울특별시 종로구 경희궁길 4 지상2층,일식,170000,안행위원 간담회
강기정,새정치민주연합,어와벗님네야,광주 광산구 쌍암동 654-8,한식,210000,관피아 특위 간담회의
정갑윤,새누리당,어전,서울 서초구 서초동 1712-2,일식,177000,식대
강기정,새정치민주연합,어향,광주 부구 중흥동 279-27,기타,90000,식사비
강기정,새정치민주연합,어향,광주 부구 중흥동 279-27,기타,90000,통합신당 안 토론 회의
강기정,새정치민주연합,언이네국밥,광주 북구 대천로 149-1,한식,62000,식사비
강기정,새정치민주연합,언이네국밥,광주 북구 대천로 149-1,한식,15000,식사비
강기정,새정치민주연합,언이네국밥,광주 북구 대천로 149-1,한식,36000,식사비
정갑윤,새누리당,엄마손감자탕,서울 영등포구 여의도동 15-24,한식,18000,식대
이철우,새누리당,엉터리생고기,서울특별시 양천구 목동동로 226-11,한식,105000,국토위 간담회
박민식,새누리당,에렉스에프앤비,서울시 강서구 공항동 150,한식,20000,부산시 여성정책관련 회의
박민식,새누리당,에렉스에프앤비,서울시 강서구 공항동 150,한식,32000,상임위 현안관련 회의
심상정,정의당,에렉스에프앤비,서울시 강서구 공항동 150,급식,48000,식대(의원 외 3인)
김재원,새누리당,에전식당,경북 의성군 의성읍 후죽리 710-1,한식,120000,
김재원,새누리당,엠호텔,서울 영등포구 여의도동 14-23,양식,71500,
김재원,새누리당,엠호텔,서울 영등포구 여의도동 14-23,양식,418000,
김재원,새누리당,엠호텔,서울 영등포구 여의도동 14-23,양식,328900,
김재원,새누리당,엠호텔,서울 영등포구 여의도동 14-23,양식,260700,
김재원,새누리당,엠호텔,서울 영등포구 여의도동 14-23,양식,121000,
김재원,새누리당,엠호텔,서울 영등포구 여의도동 14-23,양식,198000,
심상정,정의당,엠호텔,서울 영등포구 여의도동 14-26,양식,33000,식대(의원 외 1인)
심상정,정의당,엠호텔,서울 영등포구 여의도동 14-23,양식,20900,음료(의원 외 1인)
박명재,새누리당,여소도 ,서울 강남구 논현로30길7,한식,100000,난민법안 준비 관련회의(3명)
김관영,국민의당,여의도 루나미엘레(주) 서울시티클럽,영등포구 여의도동 12 국민일보빌딩,일식,416000,"의원, 기자단 오찬간담회"
심상정,정의당,여의도 소호정,서울 영등포구 여의도동 13-19,한식,83000,식대(의원 외 5인)
심상정,정의당,여의도 소호정,서울 영등포구 여의도동 13-19,한식,126000,식대(의원 외 7인)
심상정,정의당,여의도 소호정,서울 영등포구 여의도동 13-19,한식,72000,식대(의원 외 3인)
심상정,정의당,여의도 소호정,서울 영등포구 여의도동 13-19,한식,400000,정책 간담회 회의비(의원 외 15인)
심상정,정의당,여의도 소호정,서울 영등포구 여의도동 13-19,한식,102000,식대(의원 외 5인)
박병석,더불어민주당,여의도 식당,서울 영등포 도동 17-1,한식,41000,
김재원,새누리당,여의도내장탕신관,서울 영등포구 여의도동 14-2동앙빌딩 105-109,한식,7000,
김재원,새누리당,여의도내장탕신관,서울 영등포구 여의도동 14-2동아빌딩 105-109,한식,55000,
김재원,새누리당,여의도내장탕신관,서울 영등포구 여의도동 14-2동앙빌딩 105-109,한식,21000,
심상정,정의당,여의도소호정,서울 영등포구 여의도동 13-11,한식,30000,식대(의원 외 2인)
김재원,새누리당,여의도진진,서울 영등포구 여의도동 13-20,한식,41000,
김재원,새누리당,여의도진진,서울 영등포구 여의도동 13-20,한식,55000,
심상정,정의당,여의도진진,서울 영등포구 여의도동 13-20,한식,62000,식대(의원 외 4인)
강기정,새정치민주연합,연정,광주 북구 충효동 421-2,기타,50000,식사비
김태호,새누리당 ,연지가든,경상남도 김해시 구산동 933,한식,445000,시장후보자 간담회
박명재,새누리당,연평도,안양시 동안구 평촌동 921-9,한식,76000,국가재난시스템 관련 회의(3명)
박병석,더불어민주당,연향,대전 서구 둔산동 1285번지,한식,70000,
정갑윤,새누리당,영덕물회,서울시 영등포구 영등포동7가 70-4,한식,334000,방송사 보도본부장 간담회
정갑윤,새누리당,영덕물회,서울시 영등포구 영등포동7가 70-4,한식,33000,식대
정갑윤,새누리당,영덕물회,서울시 영등포구 영등포동7가 70-4,한식,108000,식대
정갑윤,새누리당,영덕물회,서울시 영등포구 영등포동7가 70-4,한식,202000,식대
정갑윤,새누리당,영덕물회,서울시 영등포구 영등포동7가 70-4,한식,185000,식대
정갑윤,새누리당,영덕물회,서울시 영등포구 영등포동7가 70-4,한식,226000,식대
정갑윤,새누리당,영덕물회,서울시 영등포구 영등포동7가 70-4,한식,87000,식대
정갑윤,새누리당,영덕물회,서울시 영등포구 영등포동7가 70-4,한식,146000,식대
정갑윤,새누리당,영덕물회,서울시 영등포구 영등포동7가 70-4,한식,148000,식대
정갑윤,새누리당,영덕물회,서울시 영등포구 영등포동7가 70-4,한식,87000,식대
정갑윤,새누리당,영덕물회,서울시 영등포구 영등포동7가 70-4,한식,45000,식대
정갑윤,새누리당,영등포복집,서울시 영등포구 영등포동3가 7-14,한식,396000,울산보좌진 간담회
정갑윤,새누리당,영등포복집,서울시 영등포구 영등포동3가 7-14,한식,252000,울산기자 간담회
정갑윤,새누리당,영등포복집,서울시 영등포구 영등포동3가 7-14,한식,210000,식대
정갑윤,새누리당,영등포복집,서울시 영등포구 영등포동3가 7-14,한식,277000,법사위원 간담회
정갑윤,새누리당,영등포복집,서울시 영등포구 영등포동3가 7-14,한식,306000,식대
정갑윤,새누리당,영등포복집,서울시 영등포구 영등포동3가 7-14,한식,159000,식대
정갑윤,새누리당,영등포복집,서울시 영등포구 영등포동3가 7-14,한식,343000,종편본부장 간담회
정갑윤,새누리당,영등포복집,서울시 영등포구 영등포동3가 7-14,한식,386000,식대
정갑윤,새누리당,영등포복집,서울시 영등포구 영등포동3가 7-14,한식,252000,식대
정갑윤,새누리당,영등포복집,서울시 영등포구 영등포동3가 7-14,한식,136000,식대
박민식,새누리당,영의정,서울시 영등포구 국제금융로 72,한식,430000,정치현안관련 간담회
강기정,새정치민주연합,영흥식당,광주 동구 궁동 41-6,한식,321000,광주지역 기자간담회
강기정,새정치민주연합,옛날창평국밥,광주 북구 중흥동 259-3,한식,42000,식사비
강기정,새정치민주연합,옛날창평국밥,광주 북구 중흥동 259-3,한식,27000,식사비
박병석,더불어민주당,오가네 부추 칼국수,대전 서구 괴정동 91-24,한식,175000,cmb전통시장 녹화촬영
박병석,더불어민주당,오가네 왕뿔데기,대전 서구 관저동로 105번길 5,한식,40000,
김재원,새누리당,오겹살왕돌구,서울 송파구 방이동 64-6 1층,한식,205000,
김재원,새누리당,오뎅과사케,서울 영등포구 국회대로 780 106호,일식,94000,
김재원,새누리당,오디푸스시스템오발탄논현,서울 강남구 언주로 718 1층,한식,138000,
심상정,정의당,오렌지마트,고양시 덕양구 관산동 996,슈퍼,10900,음료(의원 외 2인)
강기정,새정치민주연합,오리나라만세,광주 북구 용봉로 100-1,한식,100000,계파갈등문제 관련 간담회
박병석,더불어민주당,오모리찌게생바지락손칼국수,대전 서구 관자종 1042,한식,96000,
박대동,새누리당,오장동흥남집,서울 중구 오장동 101-7,한식,56000,의원 및 수행원 식대
김관영,국민의당,오타루 세종점,세종시 어진동 3-113,일식,425000,"의원, 정부부처 실무진, 보좌진 간담회"
박대동,새누리당,오타루 세종점,충남 연기군 초지원읍,일식,50000,지역예산관련 간담회
박병석,더불어민주당,옥천가,대전 서구 관저동 1212,한식,122000,
박민식,새누리당,옥천냉면황해,경기도 양평군 옥천면 옥천리 760,한식,16000,지역구 현안관련 간담회
김재원,새누리당,올라6,서울 영등포구 여의도동 28-3,양식,324000,
심상정,정의당,올라6,서울 영등포구 여의도동 28-3,양식,60000,식대(의원 외 4인)
심상정,정의당,올라6,서울 영등포구 여의도동 28-3,양식,136000,정책회의비(의원 외 7인)
심상정,정의당,올라6,서울 영등포구 여의도동 28-3,양식,136000,정책회의비(의원 외 7인)
김용태,새누리당,올라메리어트파크점,서울 영등포구 여의도동 28-3 메리어트파크 지하1층,양식,112000,간담회 식사 - 서울시교육청
김용태,새누리당,올라메리어트파크점,서울 영등포구 여의도동 28-3 메리어트파크 지하1층,양식,240900,간담회 식사 - 서울시교육청
김용태,새누리당,올라메리어트파크점,서울 영등포구 여의도동 28-3 메리어트파크 지하1층,양식,56000,간담회 식사 - 정무위원회
김재원,새누리당,옴팡집한우,서울 영등포구 여의도동 13-3 맨한탄호텔별관 C동 1상 3~4층 전체,한식,50000,
김재원,새누리당,옴팡집한우,서울 영등포구 여의도동 13-3 맨한탄호텔별관 C동 1상 3~4층 전체,한식,700000,
김재원,새누리당,옴팡집한우,서울 영등포구 여의도동 13-3 맨한탄호텔별관 C동 1상 3~4층 전체,한식,399000,
김재원,새누리당,옴팡집한우,서울 영등포구 여의도동 13-3 맨한탄호텔별관 C동 1상 3~4층 전체,한식,576000,
정갑윤,새누리당,옹팡집,서울 영등포구 국회대로 76길,한식,164000,식대
김재원,새누리당,와라와라한타역점,서울 강남구 대치4동 924-9,일식,28900,
김재원,새누리당,와라와라한티역점,서울 강남구 대치4동 924-9,일식,28800,
이철우,새누리당,왕가한정식가든,경상북도 성주군 성주순환로 276,한식,92000,지역 기자 간담회
김재원,새누리당,왕왕샤브샤브,서울 영등포구 국회대로 70길 15-1,한식,60000,
정갑윤,새누리당,왕의갈비,울산 중구 번영로 355,한식,112000,식대
정갑윤,새누리당,외갓집,울산 중구 학산동 168-2,한식,96000,당직자 간담회
김관영,국민의당,외백,영등포구 여의도동 13-22 KCC파크타운,중식,175600,"의원, 신문사 기자단 오찬간담회"
김광림,새누리당,외백,서울 영등포구 여의도동 13-22,한식,382800,국회의원 간담회
이철우,새누리당,외백,서울특별시 영등포구 국회대로72길 17 KCC파크타운,중식,107500,국토균형발전 간담회
정갑윤,새누리당,외백,서울 영등포구 여의도동 13-22,중식,400000,기자 간담회
김태호,새누리당 ,외백,서울특별시 영등포구 여의도동 13-22 kcc파크타운,중식,566000,정책 간담회
류성걸,새누리당,외백,서울특별시 영등포구 여의도동 13-22 kcc파크타운,중식,396000,정책 간담회
정갑윤,새누리당,요기맘국회점,서울 영등포구 여의도동 국회,분식,22800,식대
강기정,새정치민주연합,요남자,광주 북구 문화소통로 170 201,양식,32100,식사비
김관영,국민의당,욕지도,마포구 아현동 421-7,일식,160000,"의원, 중앙지 기자단 만찬 간담회"
강기정,새정치민주연합,용봉식당,광주 북구 신안동 122-1,한식,25000,식사비
박명재,새누리당,우래옥 강남분점,서울 강남구 대치동 983-13,한식,84000,상임위 관련 회의(3명)
강기정,새정치민주연합,우리국밥,광주 동구 금남로 5가 161-42,한식,99000,식사비
박민식,새누리당,우리네코다리2,경기도 성남시 분당구 수내동 32,한식,40000,언론기자 간담회
김재원,새누리당,우리음식연구회 마늘이야기,경북 의성군 의성읍 경북대로 5680,한식,290000,
심상정,정의당,우뿔,고양시 덕양구 주교동 613-5 204,한식,37000,식대(의원 외 4인)
심상정,정의당,우뿔,고양시 덕양구 주교동 613-5,한식,70000,지역사무실 회의비(의원 외 4인)
김광림,새누리당,우창떡방,경북 안동시 옥야동 301,기타,100000,신년인사회 다과
김태호,새누리당 ,운산,서울특별시 영등포구 여의도동 12,한식,536000,간담회
류성걸,새누리당,운산,서울특별시 영등포구 여의도동 12,한식,94000,기자 간담회
류성걸,새누리당,운산,서울특별시 영등포구 여의도동 12,한식,178000,기자 간담회
정갑윤,새누리당,운산,서울특별시 영등포구 여의도동 12,한식,529000,신문사 편집국장 간담회
박민식,새누리당,운산아이지에스,서울시 영등포구 여의도동 12,한식,97000,후반기 상임위 관련 간담회
박병석,더불어민주당,울밀대분식,서울 마포구 염리동 147-6,기타,90000,
심상정,정의당,워커힐인천공항 환승호,인천 중구 인천공항,기타,31000,식대(의원 외 2인)
박병석,더불어민주당,원조태평소머리국밥전문점,대전 중구 태령로 116-1,한식,31000,
박병석,더불어민주당,원조태평소머리국밥전문점,대전 중구 태령로 116-1,한식,55500,
박병석,더불어민주당,원조태평소머리국밥전문점,대전 중구 태령로 116-1,한식,12000,
박병석,더불어민주당,원할머니보쌈,서울 영등포구 여의도동 44-2,한식,61000,
박병석,더불어민주당,원할머니보쌈,서울 영등포구 여의도동 44-2,한식,47000,
박병석,더불어민주당,유가옥,대전 서구 도마2동 118-6,한식,56000,
강기정,새정치민주연합,유림,광주 북구 중흥동 678-1,중식,50000,식사비
김광림,새누리당,유메일식,서울 중구 순화동 1-5 용진빌딩 1층,일식,240000,기자간담회
박병석,더불어민주당,유성관광호텔,대전 유성구 봉명동 480,기타,58200,
박병석,더불어민주당,유성관광호텔,대전 유성구 봉명동 480,기타,424000,
김광림,새누리당,유정집,서울 종로구 율곡로4길 49-2,한식,105000,정책간담회
박병석,더불어민주당,육대장,대전 서구 가수원동 1058 107,한식,16000,
강기정,새정치민주연합,은강,광주 동구 장동 51-4,한식,105000,정책현안 간담회
김재원,새누리당,은주식당,서울 영등포구 여의도동 17-1금산빌딩,한식,134000,
박대동,새누리당,은주식당,서울 영등포구 여의도동1 국회후생관,한식,75000,개인정보 보호법 개정 관련 간담회
박대동,새누리당,은주식당,서울 영등포구 여의도동 17-1 번지 금산빌딩,한식,74000,자본시장법 개정 관련 전문가 간담회
박병석,더불어민주당,은주식당,서울 영등포구 여의도동 17-1,한식,54000,
정갑윤,새누리당,은주식당,서울 영등포구 여의도동 17-1,한식,50000,식대
정갑윤,새누리당,은주식당,서울 영등포구 여의도동 17-1,한식,97000,식대
이철우,새누리당,을밀대,서울특별시 마포구 숭문길 24,한식,242000,일제강점기 법안 관련 간담회
김재원,새누리당,의성마늘한우봉양마을,경북 의성군 봉양면 도리원1길 88,한식,138000,
박민식,새누리당,이,서울시 서대문구 이화여대길 50-8,한식,7000,정기국회관련 간담회
김재원,새누리당,이도식당,서울 영등포구 여의도동 14-25,한식,65000,
김재원,새누리당,이도식당,서울 영등포구 여의도동 14-25,한식,96000,
김재원,새누리당,이도식당,서울 영등포구 여의도동 14-25,한식,176000,
김재원,새누리당,이도식당,서울 영등포구 여의도동 14-25,한식,120000,
김재원,새누리당,이도식당,서울 영등포구 여의도동 14-25,한식,135000,
김재원,새누리당,이도식당,서울 영등포구 여의도동 14-25,한식,144000,
김재원,새누리당,이도식당,서울 영등포구 여의도동 14-25,한식,96000,
박민식,새누리당,이도식당,서울시 영등포구 여의도동 14-24,한식,341000,언론기자 간담회
박병석,더불어민주당,이도식당,서울 영등포구 여의도동 34-24,한식,48000,
이철우,새누리당,이도식당,서울특별시 영등포구 국회대로68길 11,한식,218000,하야로비 관련 간담회
심상정,정의당,이런우렁된장,서울 마포구 독막로3길 20,한식,32500,식대(의원 외 3인)
박병석,더불어민주당,이씨엠디,서울 영등포구 여의도동 1,한식,40000,국회 식당
박병석,더불어민주당,이씨엠디,서울 영등포구 여의도동 1,한식,48000,
서상기,새누리당,이씨엠디,서울 영등포구 여의도동 국회 3층,한식,48000,정책개발간담회
정갑윤,새누리당,이씨엠디,서울시 영등포구 여의도동 1,기타,392000,식대
김관영,국민의당,이씨엠디-국회의원식당,서울시 영등포구 여의도동 1 본관 3층,한식,107000,"의원, 인터넷 기자단 오찬간담회"
김관영,국민의당,이씨엠디-국회의원식당,서울시 영등포구 여의도동 1 본관 3층,한식,72000,"의원, 기자단 오찬 간담회"
김관영,국민의당,이씨엠디-국회의원식당,서울시 영등포구 여의도동 1 본관 3층,한식,180000,혁신모임 의원단 조찬간담회
박대동,새누리당,이씨엠디-국회의원식당,서울시 영등포구 여의도동 1 본관 3층,한식,426000,국정감사 대비 감사회
심상정,정의당,이씨엠디-국회의원식당,서울시 영등포구 여의도동 1 본관 3층,한식,48000,식대(의원 외 3인)
김무성,새누리당,이종구낙지세상,서울 노원구 중계본동 13-77 27번지,한식,289700,정책개발을 위한 국회의원과의 의정논의
강기정,새정치민주연합,이즈미,서울특별시 영등포구 여의도동 14-3 아이비피아빌딩 2층,일식,77000,식사비
강기정,새정치민주연합,이즈미,서울특별시 영등포구 여의도동 14-3 아이비피아빌딩 2층,일식,71500,정국현안관련 간담회
김재원,새누리당,이즈미,서울 영등포구 국회대로72길 4 2층,일식,99000,
김태호,새누리당 ,이즈미,서울특별시 강남구 대치동 1001-1,일식,121000,간담회
박병석,더불어민주당,이즈미,서울 영등포구 여의도동 14-3,일식,77000,
박병석,더불어민주당,이즈미,서울 영등포구 여의도동 14-3,일식,346500,한류정책 간담회
서상기,새누리당,이즈미,서울 용산구 동자동 43-205,일식,72000,정책개발간담회
서청원,새누리당,이즈미,서울 영등포구 여의도동 14-3 아이비피아빌딩 2층,일식,346500,산업법 개정 관련 정책간담회
김재원,새누리당,이태원천상,서울 영등포구 국회대로 68길 17,양식,306000,
김재원,새누리당,이태원천상,서울 영등포구 국회대로 68길 17,양식,740000,
김재원,새누리당,이태원천상,서울 영등포구 국회대로 68길 17,양식,341000,
김재원,새누리당,이태원천상,서울 영등포구 국회대로 68길 17,양식,388000,
박명재,새누리당,이태원천상,서울시 영등포구 여의도동 국회대로 68,일식,416000,현안관련 기자간담회(7명)
김재원,새누리당,일등순대,"서울 영등포구 여의도동 13-20 프린스텔 빌딩 103, 104호",한식,44000,
김재원,새누리당,일등순대,"서울 영등포구 여의도동 13-20 프린스텔 빌딩 103, 104호",한식,41000,
김재원,새누리당,일등순대,"서울 영등포구 여의도동 13-20 프린스텔 빌딩 103, 104호",한식,43000,
김재원,새누리당,일등순대,"서울 영등포구 여의도동 13-20 프린스텔 빌딩 103, 104호",한식,73000,
김재원,새누리당,일등순대,"서울 영등포구 여의도동 13-20 프린스텔 빌딩 103, 104호",한식,59000,
김재원,새누리당,일등순대,"서울 영등포구 여의도동 13-20 프린스텔 빌딩 103, 104호",한식,56000,
김재원,새누리당,일등순대,"서울 영등포구 여의도동 13-20 프린스텔 빌딩 103, 104호",한식,78000,
김재원,새누리당,일등순대,"서울 영등포구 여의도동 13-20 프린스텔 빌딩 103, 104호",한식,120000,
김재원,새누리당,일미,서울 영등포구 국회대로 62길 5,일식,55000,
김재원,새누리당,일번지회&대게,경북 포항시 북구송라면 지경리 200-4,일식,300000,
심상정,정의당,일송정,서울 동작구 상도로 386-5,한식,90000,식대(의원 외 2인)
박민식,새누리당,일식신지,서울특별시 서대문구 연세로5가길 1,일식,225000,국정감사 및 지역현안관련 회의
박명재,새누리당,임진회수산,포항시 남구 구룡포읍223-4,한식,160000,의정보고서 준비관련 보좌직원 회의 (6명)
강기정,새정치민주연합,자라봉,광주 북구 우산동 208-19,한식,50000,식사비
강기정,새정치민주연합,자미원,광주 북구 일곡동 928-4 1층,한식,197000,정책간담회
정갑윤,새누리당,장군가든,경기 고양 덕양 행주외 53-9,한식,201000,식대
정갑윤,새누리당,장군가든,경기 고양 덕양 행주외 53-9,한식,250000,식대
박민식,새누리당,장독대김치찌개,서울특별시 영등포구 국제금융로 78,한식,41500,지역현안관련 회의
박민식,새누리당,장독대김치찌개,서울특별시 영등포구 국제금융로 78,한식,35500,상임위 법안심사소위관련회의
정갑윤,새누리당,장수집,서울 영등포구 여의도동 14-2 동아빌딩,한식,88000,식대
정갑윤,새누리당,장수집,서울 영등포구 여의도동 14-2 동아빌딩,한식,123000,식대
박병석,더불어민주당,장수통돼지숯불구이,대전 서구 도마동 24-6,한식,60000,
박병석,더불어민주당,전복천하,대전 서구 정림동 226-27,한식,87000,
박병석,더불어민주당,전복천하,대전 서구 정림동 226-27,한식,36000,
김재원,새누리당,전원,서울 중구 장충동2가 191-11,한식,760000,
정갑윤,새누리당,전주본가,서울 영등포구 여의도동 17-8,한식,42000,식대
강기정,새정치민주연합,전주지연식당,서울특별시 영등포구 여의도동 14-2,한식,40000,식사비
김재원,새누리당,전주집,,기타,31000,
박병석,더불어민주당,전주집,서울 영등포구 여의도동 17-1,한식,74000,
박민식,새누리당,전진바라,서울시 영등포구 국제금융로8길 27,한식,190000,언론기자 간담회
김재원,새누리당,전통식당,경북 의성군 의성읍 중앙길 59,한식,93000,
이철우,새누리당,전통한정식 동해,서울특별시 마포구 토정로 128 서강팔경 5층,한식,378000,안행위 예산관련 간담회
심상정,정의당,전통한정식동해,서울시 마포구 상수동 356-6,한식,55000,식대(의원회 3인)
박병석,더불어민주당,정림가든,대전 서구 정림동 8-4,한식,60000,
박병석,더불어민주당,정림회타운,대전 서구 정림동 514,기타,68000,
박병석,더불어민주당,정림회타운,대전 서구 정림동 514,일식,91000,
박병석,더불어민주당,정림회타운,대전 서구 정림동 514,일식,24000,
심상정,정의당,정암골가마솥 한우국밥,경북 경산시 하양읍 대경로 96,한식,22000,식대(의원 외 1인)
류성걸,새누리당,정우칼국수,서울특별시 영등포구 여의도동 13-25,한식,107000,보좌진 간담회
김재원,새누리당,정인면옥,서울 영등포구 국회대로 76길10 1층,한식,59000,
정갑윤,새누리당,제이에스텍사스,서울 종로구 새문안로 87,호프,102000,식대
정갑윤,새누리당,제주나라,서울 영등포구 여의도동 14-32,한식,113000,식대
정갑윤,새누리당,제주나라,서울 영등포구 여의도동 14-32,한식,436000,식대
정갑윤,새누리당,제주나라,서울 영등포구 여의도동 14-32,한식,186000,식대
정갑윤,새누리당,제주나라,서울 영등포구 여의도동 14-32,한식,150000,식대
김관영,국민의당,제주나라 ,영등포구 여의도동 14-32 정원빌딩,한식,100000,"의원, 기자단 오찬 간담회"
박병석,더불어민주당,조마루감자탕,대전 대덕구 오정동 64-18,한식,42000,
강기정,새정치민주연합,조봉순 상무국밥,광주 서구 치평동 1193-9,한식,67000,식사비
서청원,새누리당,조선면옥,서울 서초구 반포동 59-3,한식,75000,시화지구 시우도수로 관련 정책간담회
강기정,새정치민주연합,조아불고기,광주 북구 신안동 495-9,한식,41000,식사비
강기정,새정치민주연합,조아불고기,광주 북구 신안동 495-9,한식,92000,식사비
심상정,정의당,조피디 치킨,서울 영등포구 국회대로 780,한식,43000,국감준비 야근 간식
강기정,새정치민주연합,족장,서울특별시 영등포구 국회대로 72길 6 여의도 아크로폴리스 105,한식,62000,식사비
강기정,새정치민주연합,족장,서울특별시 영등포구 국회대로 72길 6 여의도 아크로폴리스 105,한식,82000,식사비
강기정,새정치민주연합,족장,서울특별시 영등포구 국회대로 72길 6 여의도 아크로폴리스 105,한식,67000,식사비
강기정,새정치민주연합,족장,서울특별시 영등포구 국회대로 72길 6 여의도 아크로폴리스 105,한식,61000,식사비
강기정,새정치민주연합,족장,서울특별시 영등포구 국회대로 72길 6 여의도 아크로폴리스 105,한식,40000,식사비
강기정,새정치민주연합,족장,서울특별시 영등포구 국회대로 72길 6 여의도 아크로폴리스 105,한식,63000,식사비
강기정,새정치민주연합,종가집,광주 북구 월동로 20,한식,90000,지역현안 간담회
박병석,더불어민주당,종로김밥,서울 영등포구 여의도동 14-21,분식,14000,
정갑윤,새누리당,종로김밥,서울 영등포구 여의도동 14-21,분식,21500,식대
김재원,새누리당,종로김밥여의도점,서울 영등포구 여의도동 14-21,한식,7500,
김재원,새누리당,주식회사낭만창고,서울 영등포구 여의서로43 한서리버파크 3층 301호,한식,530000,
김재원,새누리당,주식회사낭만창고,서울 영등포구 여의서로43 한서리버파크 3층 301호,한식,1044000,
심상정,정의당,주식회사서울마리나,서울 영등포구 여의서로 160,뷔페,137600,의원실 회의비(의원 외 3인)
박명재,새누리당,중원재자점,서울 종로구 재자동 178-1,한식,285000,국세청 결손처분관련 회의(5명)
강기정,새정치민주연합,중흥보양탕,광주 북구 우치로 2번길 27,한식,30000,식사비
박병석,더불어민주당,지중해,대전 서구 둔산동 1456,일식,75000,
김광림,새누리당,진복,서울 영등포구 국제 국제금융로 6길 ,한식,132000,국회의원 간담회
김광림,새누리당,진복,서울 영등포구 국제 국제금융로 6길 ,한식,176000,기자간담회
김광림,새누리당,진복집,서울 영등포구 여의도동 17-16,한식,69000,기자간담회
박민식,새누리당,진진바라,서울시 영등포구 국제금융로8길 27,한식,150000,언론기자 간담회
박병석,더불어민주당,진진서 여의도점,서울 영등포구 여의도동 18-7,한식,62000,
김관영,국민의당,진황설렁탕,영등포구 여의도동 13-16 플래시옴 오피스텔 101,한식,22000,"의원, 보좌진 식대"
강기정,새정치민주연합,차이나프로,서울특별시 영등포구 여의도동 맨하탄빌딩 1층,중식,165000,국회출입기자 간담회
김관영,국민의당,차이나프로,영등포구 여의도동 13-21 맨하탄 21빌딩,중식,293000,"의원, 기자단 오찬간담회"
김재원,새누리당,차이나프로,서울 영등포구 여의도동 1321,중식,504000,
김재원,새누리당,차이나프로,서울 영등포구 여의도동 1321,중식,350000,
김재원,새누리당,차이나프로,서울 영등포구 여의도동 1321,중식,505000,
김재원,새누리당,차이나프로,서울 영등포구 여의도동 1321,중식,709500,
김재원,새누리당,차이나프로,서울 영등포구 여의도동 1321,중식,373000,
김재원,새누리당,차이나프로,서울 영등포구 여의도동 1321,중식,324000,
김재원,새누리당,차이나프로,서울 영등포구 여의도동 1321,중식,348000,
김재원,새누리당,차이나프로,서울 영등포구 여의도동 1321,중식,536000,
김재원,새누리당,차이나프로,서울 영등포구 여의도동 1321,중식,562000,
김재원,새누리당,차이나프로,서울 영등포구 여의도동 1321,중식,655000,
김재원,새누리당,차이나프로,서울 영등포구 여의도동 1321,중식,536500,
김재원,새누리당,차이나프로,서울 영등포구 여의도동 1321,중식,347500,
김재원,새누리당,차이나프로,서울 영등포구 여의도동 1321,중식,320000,
김재원,새누리당,차이나프로,서울 영등포구 여의도동 1321,중식,32000,
김재원,새누리당,차이나프로,서울 영등포구 여의도동 1321,중식,524000,
박민식,새누리당,차이나프로,서울특별시 영등포구 국회대로74길 20,중식,298500,언론기자 간담회
박민식,새누리당,차이나프로,서울특별시 영등포구 국회대로74길 20,중식,256000,언론기자 간담회
심상정,정의당,차이나프로,서울 영등포구 여의도동 맨하탄빌딩 1층,중식,260000,중앙당 정책간담회 회의비(의원 포함 15인)
정갑윤,새누리당,차이나프로,서울 영등포구 여의도동 맨하탄빌딩 1층,중식,400500,식대
박민식,새누리당,차이나플레인,서울시 영등포구 여의도동 13-3,중식,210000,언론기자 간담회
박병석,더불어민주당,차이나플레인,서울 영등포구 여의대로 24,중식,168000,국회사무처 의정연수과 직원간담회
이철우,새누리당,차이나플레인,서울특별시 영등포구 여의대로 24 전경련회관 타워동 지하1층,중식,237000,남부내륙철도 간담회
김관영,국민의당,차이나플레인,영등포구 여의도동 13-3,중식,191000,"의원, 중앙지 기자 오찬 간담회"
김무성,새누리당,차이나플레인전경련점,서울 영등포구 여의도동 28 28-1번지 전국경제인연합회 지하1층,중식,1130000,정책개발을 위한 중진의원과의 의정논의
강기정,새정치민주연합,착한고기집,전남 나주시 남평2로 남평읍 46-9,한식,30000,식사비
김관영,국민의당,참복집,서울 영등포구 여의도동 국회대로 750,한식,157000,"의원, 기자단 오찬간담회"
김관영,국민의당,참복집,서울 영등포구 여의도동 국회대로 750,한식,144000,"의원, 기자단 오찬간담회"
김광림,새누리당,참복집,서울 영등포구 여의도동 국회대로 750,한식,248000,국회의원 정책 간담회
김광림,새누리당,참복집,서울 영등포구 여의도동 국회대로 750,한식,342000,기자간담회
김광림,새누리당,참복집,서울 영등포구 여의도동 국회대로 750,한식,217000,국회의원 정책간담회 
김광림,새누리당,참복집,서울 영등포구 여의도동 국회대로 750,한식,338000,정책간담회
김광림,새누리당,참복집,서울 영등포구 여의도동 국회대로 750,한식,93000,기자간담회
김광림,새누리당,참복집,서울 영등포구 여의도동 국회대로 750,한식,540000,국회의원 간담회
김재원,새누리당,참복집,서울 영등포구 국회대로 740,한식,155000,
류성걸,새누리당,참복집,서울특별시 중구 북창동 88,일식,217000,보좌진 간담회
박대동,새누리당,참복집,서울 영등포구 여의도동 국회대로 750,한식,124000,정무위 소위안건 간담회
박명재,새누리당,참복집,서울시 영등포구 여의도동 국회대로 750,한식,103000,현안관련 기자간담(5명)
이철우,새누리당,참복집,서울특별시 영등포구 국회대로 750,한식,268000,공천관련 간담회
이철우,새누리당,참복집,서울특별시 영등포구 국회대로 750,한식,140000,무선충전자동차 간담회
이철우,새누리당,참복집,서울특별시 영등포구 국회대로 750,한식,170000,경북의원 간담회
이철우,새누리당,참복집,서울특별시 영등포구 국회대로 750,한식,134000,일제강점기 법안 관련 간담회
이철우,새누리당,참복집,서울특별시 영등포구 국회대로 750,한식,326000,이병기 국정원장 인사청문회
이철우,새누리당,참복집,서울특별시 영등포구 국회대로 750,한식,356000,정보위 국정원장 인사청문회 간담회
이철우,새누리당,참복집,서울특별시 영등포구 국회대로 750,한식,199000,공무원연금관련 간담회
이철우,새누리당,참복집,서울특별시 영등포구 국회대로 750,한식,217000,동서화합 간담회
이철우,새누리당,참복집,서울특별시 영등포구 국회대로 750,한식,231000,안행위 법안소위 간담회
이철우,새누리당,참복집,서울특별시 영등포구 국회대로 750,한식,236000,지방자치방전 간담회
김재원,새누리당,참숯꺼먹돼지생고기굴요리,서울 영등포구 국회대로 74길 10,한식,72000,
김재원,새누리당,참숯꺼먹돼지생고기굴요리,서울 영등포구 국회대로 74길 10,한식,171000,
류성걸,새누리당,창고,서울특별시 영등포구 여의도동 36-2,한식,403000,보좌진 간담회
김재원,새누리당,창고43,서울 영등포구 국회대로 70길 15-1,한식,1091500,
김재원,새누리당,창고43,서울 영등포구 국회대로 70길 15-1,한식,466000,
김재원,새누리당,창고43,서울 영등포구 국회대로 70길 15-1,한식,329000,
박대동,새누리당,창고43,서울시 영등포구 국회대로70길 15-1,한식,366000,국정감사 대비 간담회
박대동,새누리당,창고43,서울 영등포구 국회대로 70길 15-1,한식,338000,공기업개혁특위 관련 간담회
박대동,새누리당,창고43,서울 영등포구 국회대로 70길 15-1,한식,349000,정무위 법안소위 관련 간담회
박대동,새누리당,창고43,서울 영등포구 국회대로 70길 15-1,한식,468000,정보유출배상제도 토론회 대비 전문가 간담회
정갑윤,새누리당,창고43,서울 영등포구 국회대로 70길,한식,374000,식대
정갑윤,새누리당,창고43,서울 영등포구 국회대로 70길,한식,237000,식대
서청원,새누리당,창고43(VIP),서울 영등포구 국회대로 70길 15-1 203,한식,714000,정기국회 주요현안 관련 간담회
김재원,새누리당,창녕식육식당,경북 의성군 의성읍 후죽리 508-16,한식,235000,
강기정,새정치민주연합,채롱,광주 북구 서하로 355번길 6,한식,21000,식사비
강기정,새정치민주연합,채롱,광주 북구 서하로 355번길 6,한식,21000,식사비
박병석,더불어민주당,천년의정원,대전 서구 만년동 322,중식,84000,
심상정,정의당,천지명,서울시 영등포구 온행로 2,양식,54000,식대(의원 외 3인)
박민식,새누리당,청도,서울특별시 영등포구 국제금융로8길 27-9,일식,255000,후반기 상임위 관련회의
이철우,새누리당,청도,서울특별시 영등포구 국제금융로8길 27-9,일식,394000,장애인 복지관련 간담회
정갑윤,새누리당,청도,서울특별시 영등포구 국제금융로8길 27-9,일식,387000,법사위원 간담회
박민식,새누리당,청수,서울시 영등포구 여의도동 53-11,한식,7000,상임위 현안관련 간담회
박민식,새누리당,청수,서울시 영등포구 여의도동 53-11,한식,7000,상임위 법안관련 회의
박민식,새누리당,청수,서울시 영등포구 여의도동 53-11,한식,12000,지역현안관련 회의
박민식,새누리당,청수,서울시 영등포구 여의도동 53-11,한식,7000,후반기 상임위 관련 간담회
김용태,새누리당,청운숯불갈비,"서울 용산구 서계동 223-18 지상 1,2층",한식,129000,간담회 식사 - 도시철도공사
강기정,새정치민주연합,청진동국밥,함평군 함평읍 남일길 38-1,한식,15000,식사비
강기정,새정치민주연합,청진동해장국,광주 북구 두암동 698-5,한식,47000,식사비
김관영,국민의당,청해진,영등포구 여의도동 13-19 남중빌딩 지하,한식,165000,"의원, 언론사 기자단 오찬 간담회"
김관영,국민의당,청해진,영등포구 여의도동 13-19 남중빌딩 지하,일식,235000,"의원, 지방지 기자단 오찬간담회"
김관영,국민의당,청해진,영등포구 여의도동 13-19 남중빌딩 지하,일식,160000,"의원, 지방지 기자단 오찬간담회"
김관영,국민의당,청해진,영등포구 여의도동 13-19 남중빌딩 지하 ,일식,400000,"의원, 보좌진, 상임위 실무진 오찬간담회"
김관영,국민의당,청해진,영등포구 여의도동 13-19 남중빌딩 지하 ,일식,255000,언론사 반장단 오찬간담회
박민식,새누리당,청해진,서울시 영등포구 여의도동 13-19,일식,212000,언론기자 간담회
박민식,새누리당,청해진,서울시 영등포구 여의도동 13-19,한식,160000,언론기자 간담회
박민식,새누리당,청해진,서울시 영등포구 여의도동 13-19,일식,254000,언론기자 간담회
정갑윤,새누리당,청해진,서울 영등포구 여의도동 13-19,한식,94000,식대
강기정,새정치민주연합,초가집,,한식,98000,민간단체 보조금 특혜 사안 관련 회의
김재원,새누리당,춘몽,서울 용산구 이태원로 245,중식,63600,
강기정,새정치민주연합,춘천명물닭갈비,순천시 왕지동 863-5 성림빌,한식,61000,식사비
심상정,정의당,친구수산,서울 동작구 노량진동 13-8,한식,32000,사무실 상반기 평가 회의비(의원 외 9인)
김재원,새누리당,카페엔포,충남 천안시 동남구 천안대로 784,양식,240000,
김재원,새누리당,카페엔포,충남 천안시 동남구 천안대로 784,양식,33200,
박병석,더불어민주당,커피와대전친구들,대전 동구 인동 78-4,기타,130000,식품
정갑윤,새누리당,케이에스,,기타,35200,식대
박대동,새누리당,코바치,서울시 강남구 테헤란로 152,일식,68000,의원 및 수행원 식대
박병석,더불어민주당,큰나무유기농쌈밥촌,대전 서구 관저동 1211번지 1층,한식,68000,
류성걸,새누리당,키사라,서울시 영등포구 여의도동 LG트윈타워 동관5층,일식,480000,정책 간담회
박명재,새누리당,키사라,서울시 영등포구 여의도동 LG트윈타워 동관5층,일식,55000,재정통계 토론회 준비관련 회의 (3명)
박명재,새누리당,키사라,서울시 영등포구 여의도동 LG트윈타워 동관5층,일식,55000,국가안전처 관련회의(2명)
서청원,새누리당,키사라,서울시 영등포구 여의도동 LG트윈타워 동관5층,일식,168300,정기국회 주요현안 관련 간담회
김용태,새누리당,키사라,서울시 영등포구 여의도동 LG트윈타워 동관5층,일식,180000,간담회 식사 - 정무위원회
박대동,새누리당,키시라,서울시 영등포구 여의도동 LG트윈타워 동관5층,일식,200000,예금자보호법개정 관련 간담회
박명재,새누리당,키시라,서울시 영등포구 여의도동 LG트윈타워 동관5층,일식,217800,기제위 예산관련 회의(3명)
박명재,새누리당,키시라,서울시 영등포구 여의도동 LG트윈타워 동관5층,일식,119000,기재위 결산 관련 회의(3명)
박명재,새누리당,키시라,서울시 영등포구 여의도동 LG트윈타워 동관5층,일식,126000,지방세특례제한법안 관련 회의(4명)
박명재,새누리당,키시라,서울시 영등포구 여의도동 LG트윈타워 동관5층,일식,98000,한국은행 국정감사 준비관련 보좌진 회의(3명)
박병석,더불어민주당,탑집식당,대전 중국 선화동 430-6,한식,53000,
정갑윤,새누리당,태능원조숯불,서울 영등포구 신길3동 257-5,한식,54000,식대
박병석,더불어민주당,태백산맥,대전 서구 둔산동 1481 2층,한식,18000,
강기정,새정치민주연합,태봉골,광주 북구 신안동 211-6,한식,99000,지역현안 간담회
정갑윤,새누리당,태영식당,서울 영등포구 여의도동 1,한식,12000,식대
정갑윤,새누리당,태영식당,서울 영등포구 여의도동 1,한식,255000,식대
서상기,새누리당,태풍회초밥,대구 동구 신천4동 323-3,일식,283000,정책개발간담회
정갑윤,새누리당,털보고된이,서울 영등포구 여의도동 13-5,한식,21000,식대
강기정,새정치민주연합,털보네집,광주 북구 문흥동 1000-2,한식,99000,식사비
정갑윤,새누리당,토박이,서울 영등포구 당산동3가 474-2,한식,123000,식대
심상정,정의당,통영생선구이,서울시 종로구 내자동 20,한식,70000,식대(수행 5인)
심상정,정의당,통일옥,고양시 덕양구 대자산 159,한식,206000,의정모임 회의비(정의당의원 5인 포함 12인)
박명재,새누리당,트랭블루,서울 서초구 서초동 700 예술의 전당,양식,328680,국기법 법안 준비관련 회의(9명)
박명재,새누리당,트랭블루,서울시 서초구 서초동 700 예술의 전당,양식,333630,공공기관운영에 관한 법안 준비관련 회의(7명)
서상기,새누리당,팔공산맥,대구 북구 태전동 405-9,한식,32000,
서청원,새누리당,팔도숯불조개구이,강문동 산5-1 해안상가 7.8호,한식,288000,화옹지구 대단위농업개발 관련 정책간담회
서청원,새누리당,평남집,서울 중구 장충동 1가 52-26번지,한식,73000,산입법 개정 관련 정책간담회
박명재,새누리당,평양면옥,서울시 강남구 논현66-2,한식,33000,결산소위 준비관련회의(3명)
강기정,새정치민주연합,포,서울특별시 영등포구 여의도동 여의도우체국 13-19 남중빌딩 2층 4호,기타,78000,식사비
박명재,새누리당,포구횟집,경북 포항시 북구 송라면 조사리 27-2,한식,15000,지역현안 관련 회의(2명)
김재원,새누리당,포석정식당,서울 동구 신천4동 294-6,한식,74000,
서청원,새누리당,포항물회,영등포구 영등포동 8가 31-22,한식,65000,시화지구 시우도수로 관련 정책간담회
김재원,새누리당,푸드아일랜드,서울 강남구 청담동 99-13 지층,일식,168000,
박대동,새누리당,푸주목,서울시 강동구 성내동 448-29,한식,62000,의원 및 수행원 식대
박민식,새누리당,푸주옥,서울시 용산구 한강대로 17길 11,한식,16000,부산출장식대
김재원,새누리당,플러스100,서울 영등포구 국회대로 70길 12,한식,74000,
김재원,새누리당,플러스100,서울 영등포구 국회대로 70길 12,한식,64000,
김재원,새누리당,플러스100,서울 영등포구 국회대로 70길 12,한식,192000,
김재원,새누리당,피자헛,서울 영등포구 여의도동 43-4,양식,158200,
박민식,새누리당,하노이의 아침,서울시 종로구 인사동,양식,20900,지역구 현안관련 간담회
박민식,새누리당,하누소,서울시 종로구 낙원동 272,한식,35000,지역현안관련 간담회
박민식,새누리당,하누소,서울시 종로구 낙원동 272,한식,45000,지역구 현안관련 간담회
심상정,정의당,하누소,서울 마포구 양천동 122,한식,348000,정책토론회 회의비(의원 외 15인)
서상기,새누리당,하동 섬진강 재첩국,대구 동구 신천4동 310-3,한식,13000,
박병석,더불어민주당,하동관,서울 영등포 은행로 3,한식,60000,
박병석,더불어민주당,하동관,서울 영등포 은행로 3,한식,60000,
박병석,더불어민주당,하동관,서울 영등포 은행로 3,한식,30000,
심상정,정의당,하롱베이의하루,서울 영등포 여의도17,베트남음식,27000,식대(의원 외 2인)
정갑윤,새누리당,한강,서울 영등포구 여의도동 12번지,한식,26000,식대
김재원,새누리당,한류관,서울 영등포구 여의도동금산빌딩,한식,131000,
김재원,새누리당,한류관,서울 영등포구 여의도동 금산빌딩,한식,112000,
이철우,새누리당,한류관,서울특별시 영등포구 국회대로 750,한식,125000,대정부질문 관련 간담회
이철우,새누리당,한류관,서울특별시 영등포구 국회대로 750,한식,288000,보수혁신 관련 간담회
박대동,새누리당,한마당,경기도 고양시 덕양구 행주외동 161-1,한식,83000,정무위 법안 소위 관련 간담회
박병석,더불어민주당,한마음면옥,대전 서구 도마2동 101-6,한식,35000,
박병석,더불어민주당,한마음면옥,대전 서구 도마2동 101-6,한식,50000,
박병석,더불어민주당,한마음면옥,대전 서구 도마2동 101-6,한식,120000,
박민식,새누리당,한미리,서울시 중구 청계천로 8,한식,238000,정보유출 대책회의
김관영,국민의당,한알천식당,대전 유성구 외삼동 448,한식,99000,"의원, 당직자 실무진 오찬간담회"
강기정,새정치민주연합,한양원,서울특별시 영등포구 여의도동 15-24,한식,137000,15세미만 단체보험허용 개정안 간담회의
심상정,정의당,한올에프엔에스국회회,서울 영등포구 의사당대로 1,한식,138000,의원단 회의비(의원 외 4인)
심상정,정의당,한올에프엔에스국회회,서울 영등포구 의사당대로 1,한식,36000,식대(의원 외 3인)
류성걸,새누리당,한우고깃간,충청북도 충주시 호암동 558-27,한식,92000,보좌진 간담회
박병석,더불어민주당,한울,서울 영등포구 외사당대로 1,한식,36000,국회 식당
박병석,더불어민주당,한울,서울 영등포구 의사당대로 1,한식,18000,국회 식당
박병석,더불어민주당,한울,서울 영등포구 의사당대로 1,한식,58000,국회 식당
박병석,더불어민주당,한울,서울 영등포구 의사당대로 1,한식,42000,국회 식당
박병석,더불어민주당,한울,서울 영등포구 의사당대로 1,한식,66000,국회 식당
박병석,더불어민주당,한울,서울 영등포구 의사당대로 1,한식,36000,국회 식당
박병석,더불어민주당,한울,서울 영등포구 의사당대로 1,한식,35000,국회 식당
박병석,더불어민주당,한울,서울 영등포구 의사당대로 1,한식,35000,국회 식당
박병석,더불어민주당,한울,서울 영등포구 의사당대로 1,한식,43000,국회 식당
박병석,더불어민주당,한울,서울 영등포구 의사당대로 1,한식,61000,국회 식당
박병석,더불어민주당,한울,서울 영등포구 의사당대로 1,한식,63000,국회 식당
박병석,더불어민주당,한울,서울 영등포구 의사당대로 1,한식,26000,
박병석,더불어민주당,한울,서울 영등포구 의사당대로 1,한식,45000,
박병석,더불어민주당,한울,서울 영등포구 의사당대로 1,한식,50000,국회 식당
박병석,더불어민주당,한울,서울 영등포구 의사당대로 1,한식,53000,국회 식당
박병석,더불어민주당,한울,서울 영등포구 의사당대로 1,한식,27000,국회 식당
박병석,더불어민주당,한울,서울 영등포구 의사당대로 1,한식,54000,국회 식당
박병석,더불어민주당,한울,서울 영등포구 의사당대로 1,한식,56000,국회 식당
박병석,더불어민주당,한울,서울 영등포구 의사당대로 1,한식,36000,국회 식당
박병석,더불어민주당,한울,서울 영등포구 의사당대로 1,한식,120000,국회 식당
박병석,더불어민주당,한울,서울 영등포구 의사당대로 1,한식,45000,국회 식당
박민식,새누리당,한울에프,서울시 영등포구 여의도동1,한식,51000,정무위 국정조사관련 회의
박민식,새누리당,한울에프,서울시 영등포구 여의도동1,한식,34000,상임위 현안관련 관계자 회의
박민식,새누리당,한울에프,서울시 영등포구 여의도동1,한식,18000,2015년도 예산관련 회의
박민식,새누리당,한울에프,서울시 영등포구 여의도동1,한식,61000,상임위 현안관련 회의
심상정,정의당,한울에프,서울시 영등포구 여의도동1,한식,35000,식대(의원 외 3인)
김관영,국민의당,한울에프엔에스,대덕구 상서동 829-1,한식,89000,"의원, 기자단 오찬간담회"
김관영,국민의당,한울에프엔에스,대덕구 상서동 829-1,한식,98000,"의원, 기자단 오찬간담회"
김관영,국민의당,한울에프엔에스 ,대덕구 상서동 829-1,한식,18000,"의원, 보좌진 식대 "
심상정,정의당,한울에프,서울시 영등포구 여의도동1,한식,329000,군인권 토론회 회의비(의원 포함 28인)
김관영,국민의당,한주면옥,영등포구 여의도동 50,한식,31000,"의원, 기자단 오찬간담회"
심상정,정의당,한주면옥,서울 영등포 여의도 50,한식,55000,식대(의원 외 4인)
김재원,새누리당,한화호텔앤드리조트,서울 중구 소공로 119,양식,34500,
김재원,새누리당,한화호텔앤드리조트,서울 중구 소공로 119,양식,66000,
김재원,새누리당,한화호텔앤드리조트,서울 중구 소공로 119,양식,66000,
김재원,새누리당,한화호텔앤드리조트,서울 중구 소공로 119,양식,996300,
박병석,더불어민주당,한화호텔앤드리조트,서울 중구 소공로 119,기타,160000,정무위자료 수집
김무성,새누리당,한화호텔엔드리조트,서울 중구 소공로 119,한식,138000,정책개발을 위한 국회의원과의 의정논의
김재원,새누리당,할매재첩국,서울 강남구 삼성로 308,한식,44000,
서상기,새누리당,함지산 돼지국밥,대구 북구 구암동 475-1,한식,51000,정책개발간담회
김재원,새누리당,핫썬치킨,서울 중구 서소문동 84,양식,112000,
류성걸,새누리당,해금강,대구광역시 동구 신암남로 133,한식,120000,보좌진 간담회
류성걸,새누리당,해금강,대구광역시 동구 신암남로 133,한식,169000,보좌진 간담회
류성걸,새누리당,해금강,대구광역시 동구 신암남로 133,한식,104000,보좌진 간담회
강기정,새정치민주연합,해담,광주 광산구 수완동 1096,한식,157000,정국현안관련 간담회
박병석,더불어민주당,해동토종칼국수,대전 서구 정림동 226-22,한식,29000,
강기정,새정치민주연합,해오름길,광주 북구 각화동 179-11,한식,77000,식사비
강기정,새정치민주연합,해오름길,광주 북구 각화동 179-11,한식,1830000,공직자 윤리법 재정안 간담회
강기정,새정치민주연합,해오름길,광주 북구 각화동 179-11,한식,188000,2014년 연말 지역 현안 정산 간담회
김재원,새누리당,해우리,서울특별시 영등포구 여의도동 16-2,한식,116000,
김재원,새누리당,해우리,서울특별시 영등포구 여의도동 16-2,한식,620000,
김재원,새누리당,해우리,서울특별시 영등포구 여의도동 16-2,한식,607200,
김태호,새누리당 ,해우리,서울특별시 영등포구 여의도동 16-2,한식,326300,정책 간담회
김태호,새누리당 ,해우리,서울특별시 영등포구 여의도동 16-2,한식,543500,정책 간담회
류성걸,새누리당,해우리,서울특별시 영등포구 여의도동 16-2,한식,214500,기자 간담회
류성걸,새누리당,해우리,서울특별시 영등포구 여의도동 16-2,한식,346700,기자 간담회
박민식,새누리당,해우리,서울특별시 영등포구 여의도동 16-2,한식,236000,언론기자 간담회
류성걸,새누리당,해우리,서울특별시 영등포구 여의도동 16-2,일식,503900,예산 간담회
류성걸,새누리당,해우리,서울특별시 영등포구 여의도동 16-2,일식,430000,정책 간담회
서청원,새누리당,해우리,서울 영등포구 여의도동 16-2 1층,한식,158000,국정감사 사전준비회의
김재원,새누리당,해우리아이에프씨점,서울 영등포구 국제금융로 10 지하3층341호,한식,79800,
박명재,새누리당,해천대게킹크랩,경기도 안양시 동안구 관양동,한식,123000,규제개혁 관련 회의(4명)
김재원,새누리당,해피원,서울 강남구 테헤란로4길 15,기타,1790000,
김재원,새누리당,행복한마음,서울 종로구 통의동 35-14,한식,349000,
박명재,새누리당,행복한샘,경기도 과천시 갈현동 14-6 1층,한식,104000,관세청 국정감사 관련 회의(3명)
박대동,새누리당,향림,서울 서초구 서초동 1706-11,한식,117000,정무위 현안관련 간담회
정갑윤,새누리당,향미정,서울 종로구 내자동 148번지 2층,한식,27000,식대
강기정,새정치민주연합,호수음식점,광주 북구 중흥1동 224-80,한식,21000,식사비
강기정,새정치민주연합,호수음식점,광주 북구 중흥1동 224-80,한식,49000,식사비
강기정,새정치민주연합,호수음식점,광주 북구 중흥1동 224-80,한식,21000,식사비
정갑윤,새누리당,호식이두마리치킨,서울 영등포구 영신로 45길 12,기타,39000,식대
심상정,정의당,호아센서여의도점,서울 영등포구 여의도동 13-21,베트남음식,19000,식대(의원 외 1인)
김재원,새누리당,호텔신라,서울 중구 장충동2가 202,양식,38997,
김재원,새누리당,호텔인터시티,대전 유성구 온천로 92,양식,242000,
김관영,국민의당,혼복집,영등포구 여의도동 14-11 대하빌딩 지하 1층,한식,120000,"의원, 기자단 오찬 간담회"
김관영,국민의당,혼복집,영등포구 여의도동 14-11 대하빌딩 지하 1층,한식,170000,"의원, 지방지 기자단 오찬간담회"
김관영,국민의당,혼복집,영등포구 여의도동 14-11 대하빌딩 지하 1층,한식,144000,"의원, 인터넷 기자단 오찬 간담회"
김관영,국민의당,혼복집,영등포구 여의도동 14-11 대하빌딩 지하 1층,한식,150000,"의원, 중앙지 기자 오찬 간담회"
김관영,국민의당,혼복집,영등포구 여의도동 14-11 대하빌딩 지하 1층,한식,185000,"의원, 기자단 오찬 간담회"
김관영,국민의당,혼복집,영등포구 여의도동 14-11 대하빌딩 지하 1층,한식,210000,"의원, 기자간담회"
김관영,국민의당,혼복집,영등포구 여의도동 14-11 대하빌딩 지하 1층,한식,19000,"의원, 보좌진 식대"
김관영,국민의당,혼복집,영등포구 여의도동 14-11 대하빌딩 지하 1층,한식,252000,"의원, 언론사 반장단 오찬간담회"
김관영,국민의당,혼복집,영등포구 여의도동 14-11 대하빌딩 지하 1층,한식,199000,"의원, 중앙지 기자단 오찬간담회"
김관영,국민의당,혼복집,영등포구 여의도동 14-11 대하빌딩 지하 1층,한식,128000,"의원, 중앙지 기자단 오찬간담회"
김관영,국민의당,혼복집,영등포구 여의도동 14-11 대하빌딩 지하 1층,한식,201000,"의원, 기자단 오찬간담회"
김관영,국민의당,혼복집,영등포구 여의도동 14-11 대하빌딩 지하 1층,한식,102000,석간신문 기자단 오찬간담회
김관영,국민의당,혼복집,영등포구 여의도동 14-11 대하빌딩 지하 1층,한식,180000,중앙지 기자단 오찬간담회
김관영,국민의당,혼복집,영등포구 여의도동 14-11 대하빌딩 지하 1층,한식,240000,"의원,보좌진 당직자 오찬간담회"
박대동,새누리당,홀리차이,세종시 어진동 3-133,중식,452000,지역예산관련 간담회
김관영,국민의당,홈레스토랑,영등포구 여의도동 14-32 ,양식,180000,"의원, 기자단 오찬간담회"
김재원,새누리당,홈레스토랑,서울 영등포구 여의도동 14-32 정한빌딩 19,양식,148000,
이철우,새누리당,홍린,서울특별시 강서구 우장산로15길 25,중식,330000,국정감사 결과보고서 간담회
박민식,새누리당,홍미원,서울시 마포구 공덕동 242-4,한식,190000,지역현안관련 간담회
류성걸,새누리당,화해당,충청남도 태안군 근흥면 도황리 223,한식,207900,기자 간담회
류성걸,새누리당,화해당,충청남도 태안군 근흥면 도황리 223,한식,99000,보좌진 간담회
류성걸,새누리당,화해당,충청남도 태안군 근흥면 도황리 223,한식,99000,보좌진 간담회
류성걸,새누리당,화해당,충청남도 태안군 근흥면 도황리 223,한식,148500,보좌진 간담회
정갑윤,새누리당,황구영양탕,서울 마포 대흥동 62-48,한식,81000,식대
정갑윤,새누리당,황구영양탕,서울 마포 대흥동 62-48,한식,109000,식대
김재원,새누리당,황구집,서울 영등포구 여의도동 17-16 대성빌딩 12,한식,84000,
심상정,정의당,황구집,서울 영등포구 여의도동 147-16,한식,55000,식대(의원 외 4인)
심상정,정의당,황금어장,서울 영등포구 여의도동 17,일식,74000,식대(의원 외 3인)
김태호,새누리당 ,황우촌,서울특별시 종로구 신문로1가 58-21,한식,741000,정책 간담회
박민식,새누리당,흥미원,서울시 마포구 공덕동 242-4,한식,85000,방송 인터뷰 준비
박민식,새누리당,흥미원,서울시 마포구 공덕동 242-4,한식,60000,후반기 상임위 관련 관계자 회의
박민식,새누리당,흥미원,서울시 마포구 공덕동 242-4,한식,60000,국정감사 관련 회의
심상정,정의당,희락,서울 강서구 하늘길 112,일식,12000,식대(의원 외 1인)
강기정,새정치민주연합,희망식당,광주 북구 풍향동 27-3,한식,60000,식사비
강기정,새정치민주연합,희망식당,광주 북구 풍향동 27-3,한식,36000,식사비
강기정,새정치민주연합,희망식당,광주 북구 풍향동 27-3,한식,40000,식사비
강석훈,새누리당,올라메리어트파크점,서울 영등포구 여의도동 28-3 메리어트파크,양식,263000,경제현안관련 기자간담회 식대
강석훈,새누리당,수도시락,서울 영등포구 영등포동 7가 51-1,한식,23000,정책개발식대
강석훈,새누리당,이도식당,서울 영등포구 여의도동 14-24,한식,142000,보좌진 신년워크샵 식대
강석훈,새누리당,석림옛집,경기 광주시 남종면 이석리 77-3,한식,173000,금융관련 기자간담회 식대
강석훈,새누리당,수도시락,서울 영등포구 영등포동 7가 51-1,한식,14000,정책개발식대
강석훈,새누리당,이태원천상,서울 영등포구 여의도동 국회대로 68,일식,204000,정치현안관련 기자간담회 식대
강석훈,새누리당,이즈미,서울 양천구 목동 916,일식,176000,정치현안관련 기자간담회 식대
강석훈,새누리당,청해진,서울 영등포구 여의도동 13-19 남중빌딩,일식,210000,공정거래관련 간담회 식대
강석훈,새누리당,이태원천상,서울 영등포구 여의도동 국회대로 68,일식,197000,정치현안관련 기자간담회 식대
강석훈,새누리당,리틀도쿄이랜드,서울 영등포구 여의도동 렉싱턴호텔,일식,130000,금융관련 기자간담회 식대
강석훈,새누리당,더팔래스호텔 서울,서울 서초구 반포4동 63-1,기타,849400,경제현안관련 기자간담회 식대
강석훈,새누리당,키사라,서울 영등포구 여의도동 LG트윈타워,일식,645000,정치현안관련 기자간담회 식대
강석훈,새누리당,이태원천상,서울 영등포구 여의도동 국회대로 68,기타,229000,금융관련 기자간담회 식대
강석훈,새누리당,조피디 키친,서울 영등포구 국회대로 780,기타,43900,정책개발식대
강석훈,새누리당,조피디 키친,서울 영등포구 국회대로 780,기타,28500,정책개발식대
강석훈,새누리당,올라3,서울 영등포구 여의도동 아일랜드파크,양식,248000,금융현안관련 기자간담회 식대
강석훈,새누리당,소백산,서울 강남구 도산대로 56길 8,한식,300000,금융현안관련 간담회 식대
강석훈,새누리당,운산,서울 서초구 반포동 83-16,한식,274000,정치현안관련 기자간담회 식대
강석훈,새누리당,해청면옥,서울 서초구 서초동 1595-6,한식,110000,정책개발식대
강석훈,새누리당,백년한정식,서울 서초동 1451-95,한식,100000,정책개발식대
강석훈,새누리당,제이드컬베니니,서울 종로구 신문로2가 1-153,기타,285000,정치현안관련 기자간담회 식대
강석훈,새누리당,해청면옥,서울 서초구 서초동 1595-6,한식,131000,정책개발식대
강석훈,새누리당,더궁,서울 서초구 반포4동 63-1,기타,400400,경제현안관련 간담회 식대
강석훈,새누리당,국회후생복지,서울 영등포구 여의도동 1,기타,140000,정책개발식대
강석훈,새누리당,예향,서울 강남구 역삼동 655-12,중식,424000,경제현안관련 간담회 식대
강석훈,새누리당,가시리,서울 영등포구 여의도동 13-4,한식,50000,정책개발식대
강석훈,새누리당,제이드컬베니니,서울 종로구 신문로2가 1-153,양식,193200,경제현안관련 간담회 식대
강석훈,새누리당,소호정,서울 영등포구 여의도동 1,한식,144000,경제현안관련 간담회 식대
강석훈,새누리당,국회후생복지,서울 영등포구 여의도동 1,기타,140000,정책개발식대
강석훈,새누리당,키사라,서울 영등포구 여의도동 lg트윈타워,일식,693000,공무원연금관련 간담회 식대
강석훈,새누리당,이꾸,서울 영등포구 국회대로 72길 6,일식,100000,정책개발식대
강석훈,새누리당,국회후생복지,서울 영등포구 여의도동 1,기타,20000,정책개발식대
강석훈,새누리당,낙지낚지,서울 영등포구 여의도동 17-16 대성빌딩,한식,93000,정책개발식대
강석훈,새누리당,민소한우,서울 영등포구 여의도동 26 에스트레뉴 지하,한식,537000,경제현안관련 간담회 식대
강석훈,새누리당,본도시락,서울 영등포구 국회대로 72길,기타,45400,정책개발식대
강석훈,새누리당,동경식당,서울 영등포구 여의도동 28-3,일식,205000,정책개발식대
강석훈,새누리당,국회후생복지,서울 영등포구 여의도동 1,기타,140000,경제현안관련 간담회 식대
강석훈,새누리당,예향,서울 강남구 역삼동 655-12,중식,258000,정책개발식대
강석훈,새누리당,가시리,서울 영등포구 여의도동 13-4,한식,246000,경제현안관련 간담회 식대
강석훈,새누리당,이태원천상,서울 영등포구 여의도동 국회대로 68,기타,157500,정책개발식대
강석훈,새누리당,수도시락,서울 영등포구 영등포동 7가 51-1,기타,16000,정책개발식대
강석훈,새누리당,차이나프로,서울 영등포구 여의도동 맨하탄빌딩,중식,255000,경제관련 기자간담회 식대
강석훈,새누리당,도미노피자,서울 영등포구 여의도동 44-24,기타,17520,정책개발식대
강석훈,새누리당,삼도회집,서울 영등포구 여의도동 17-1 금산빌딩,한식,105000,정책개발식대
강석훈,새누리당,낙지낚지,서울 영등포구 여의도동 17-16 대성빌딩,한식,21000,정책개발식대
강석훈,새누리당,소문난부자,서울 영등포구 국회대로 68길 14,한식,53000,정책개발식대
강석훈,새누리당,수도시락,서울 영등포구 영등포동 7가 51-1,기타,48000,정책개발식대
강석훈,새누리당,삼보정,서울 영등포구 여의도동 35-5,한식,68000,정책개발식대
강석훈,새누리당,제스트,서울 영등포구 여의도동 61,기타,190700,경제현안관련 기재위위원 간담회 식대
강석훈,새누리당,수도시락,서울 영등포구 영등포동 7가 51-1,기타,48000,정책개발식대
강석훈,새누리당,국회후생복지,서울 영등포구 여의도동 1,기타,140000,창조경제관련 정책간담회 식대
강석훈,새누리당,민소한우,서울 영등포구 여의도동 26 에스트레뉴 지하,한식,466000,창조경제관련 정책간담회 식대
강석훈,새누리당,이태원천상,서울 영등포구 여의도동 국회대로 68,기타,237000,정책개발식대
강석훈,새누리당,국회후생복지,서울 영등포구 여의도동 1,한식,140000,정책개발식대
강석훈,새누리당,홍천한우,서울 서초구 서초동 1595-8,기타,191000,정책개발식대
강석훈,새누리당,도미노피자,서울 영등포구 여의도동 44-24,양식,37400,정책개발식대
강석훈,새누리당,조피디 키친,서울 영등포구 국회대로 780,기타,40700,정책개발식대
강석훈,새누리당,쉐시몽,서울 종로구 삼청로 90-6,기타,724000,경제현안관련 간담회 식대
강석훈,새누리당,다봉,서울 서초구 반포4동 63-1,기타,104550,정책개발식대
강석훈,새누리당,제이드컬베니니,서울 종로구 신문로2가 1-153,기타,171000,정책개발식대
강석훈,새누리당,본죽,서울 영등포구 여의도동 17,한식,16000,정책개발식대
강석훈,새누리당,조피디 키친,서울 영등포구 국회대로 780,기타,28300,정책개발식대
강석훈,새누리당,국회후생복지,서울 영등포구 여의도동 1,한식,140000,정책개발식대
강석훈,새누리당,이씨엠디,서울 영등포구 여의도동 1,한식,16000,정책개발식대
강석훈,새누리당,예향,서울 강남구 역삼동 655-12,한식,454000,경제현안관련 기자간담회 식대
강석훈,새누리당,오발탄,서울 서초구 서초동 1720-1,한식,860000,경제현안관련 기자간담회 식대
강석훈,새누리당,다미,서울 종로구 관훈동 118-23,한식,295000,정책개발식대
강석훈,새누리당,수도시락,서울 영등포구 영등포동 7가 51-1,기타,24000,정책개발식대
강석훈,새누리당,마릴린,서울 서초구 처초 중앙로 138,양식,199000,정책개발식대
강석훈,새누리당,창고,서울 영등포구 국회대로 70길 15-1,기타,234000,경제현안관련 기자간담회
강석훈,새누리당,해우리,서울 영등포구 여의도동 16-2,한식,161500,정책개발식대
강석훈,새누리당,소호정,서울 영등포구 여의도동 1,한식,84000,정책개발식대
강석훈,새누리당,싱카이,서울 영등포구 여의도동 20,중식,542000,경제현안관련 기자간담회
강석훈,새누리당,다원,서울 영등포구 의사당대로 21,한식,135000,정책개발식대
강석훈,새누리당,조피디 키친,서울 영등포구 국회대로 780,양식,27000,정책개발식대
강석훈,새누리당,다미,서울 종로구 관훈동 118-23,한식,350000,정책개발식대
강석훈,새누리당,종로김밥,서울영등포구 여의도동 14-31,기타,14500,정책개발식대
강석훈,새누리당,대방골,서울 영등포구 여의도동 13,한식,264000,경제현안 관련 기자간담회 식대
강석훈,새누리당,파파존스,서울 영등포구 여의도동 51,양식,58000,정책개발식대
강석훈,새누리당,창고,서울 영등포구 국회대로 70길15-1,한식,295000,금융현안관련 기자간담회 식대
강석훈,새누리당,수도시락,서울 영등포구 영등포동 7가 51-1,기타,24000,정책개발식대
강석훈,새누리당,참배나무골,서울 여의도 17-1,한식,175000,경제현안관련 기자간담회 식대
강석훈,새누리당,동경식당,서울 영등포구 여의도동 28-3,일식,247500,경제현안관련 기자간담회 식대
강석훈,새누리당,국회후생복지,서울 영등포구 여의도동 1,기타,19700,정책개발식대
강석훈,새누리당,이태원천상,서울 영등포구 여의도동 국회대로 68,기타,181000,경제현안관련 기자간담회 식대
강석훈,새누리당,수도시락,서울 영등포구 영등포동 7가 51-1,기타,16000,정책개발식대
강석훈,새누리당,수도시락,서울 영등포구 영등포동 7가 51-1,기타,32000,정책개발식대
강석훈,새누리당,국회후생복지,서울 영등포구 여의도동 1,기타,140000,정책개발식대
강석훈,새누리당,이태원천상,서울 영등포구 여의도동 국회대로68,기타,266000,금융현안관련 기자간담회 식대
강석훈,새누리당,해우리,서울 영등포구 여의도동 16-2,한식,373000,정책개발식대
강석훈,새누리당,가시리,서울 영등포구 여의도동 13-4,한식,243000,경제현안관련 간담회 식대
강석훈,새누리당,차이나프로,서울 영등포구 여의도동 멘하탄빌딩,중식,246000,정치현안관련 기자간담회 식대
강석훈,새누리당,해우리,서울 영등포구 여의도동 16-2,한식,265000,정책개발식대
강석훈,새누리당,태광맥도,서울특별시 영등포구 영등포동3가 10-4,양식,31500,정책개발식대
강석훈,새누리당,민소한우,서울 영등포구 여의도동 26 에스트레뉴 지하,한식,393000,경제현안관련 기자간담회 식대
강석훈,새누리당,수도시락,서울 영등포구 영등포동 7가 51-1,기타,55000,정책개발식대
강석훈,새누리당,행복한마음,서울 종로구 동의동 35-14,한식,440400,경제현안관련 간담회 식대
강석훈,새누리당,종로김밥,서울 영등포구 여의도동 14-31,한식,23000,정책개발식대
강석훈,새누리당,조피디 키친,서울 영등포구 국회대로 780,기타,48100,정책개발식대
강석훈,새누리당,국회후생복지,서울 영등포구 여의도동1,기타,140000,정책개발식대
강석훈,새누리당,쉐시몽,서울 종로구 삼청로 90-6,양식,408000,경제현안관련 간담회 식대
강석훈,새누리당,여의도루나미,서울 영등포구 여의도동 120,한식,368000,경제현안관련 간담회 식대
강석훈,새누리당,수도시락,서울 서초구 서초3동 1462-7,기타,40000,정책개발식대
강석훈,새누리당,리틀도쿄이랜드,서울 영등포구 여의도동 렉싱턴호텔,기타,130000,정책개발식대
강석훈,새누리당,소호정,서울 영등포구 국회대로 62길 7,한식,226000,정책개발식대
강석훈,새누리당,해우리,서울 영등포구 여의도동 16-2,한식,210500,정책개발식대
강석훈,새누리당,수도시락,서울 서초구 서초3동 1462-7,한식,32000,정책개발식대
강석훈,새누리당,동경식당,서울 영등포구 여의도동 28-3,일식,424900,공무원연금관련 기자간담회 식대
강석훈,새누리당,가시리,서울 영등포구 여의도동 13-4,일식,205000,경제현안관련 간담회 식대
강석훈,새누리당,신선설농탕,서울 영등포구 국회대로 62길 7,한식,21000,정책개발식대
강석훈,새누리당,다원,서울 영등포구 의사당대로 21,한식,71000,정치현안관련 간담회 식대
강석훈,새누리당,조피디 키친,서울 영등포구 국회대로 780,한식,53600,정책개발식대
강석훈,새누리당,이태원천상,서울 영등포구 여의도동 국회대로 68,일식,125500,정책개발식대
강석훈,새누리당,본도시락,서울 영등포구 국회대로 72길,한식,34900,정책개발식대
강석훈,새누리당,소호정,서울 영등포구 국회대로 62길 7,한식,255000,경제현안관련 간담회 식대
강석훈,새누리당,수도시락,서울 서초구 서초3동 1462-7,한식,48000,정책개발식대
강석훈,새누리당,수도시락,서울 서초구 서초3동 1462-7,한식,32000,정책개발식대
강석훈,새누리당,이도식당,서울영등포구 여의도동 14-24,한식,429000,창조경제관련 정책간담회 식대
강석훈,새누리당,차이나프로,서울 영등포구 여의도동 맨하탄빌딩,중식,300000,경제현안관련 기자간담회 식대
강석훈,새누리당,플레이,서울 마포구 동교동 월드컵북로4길 81,기타,224000,정책개발식대
강석훈,새누리당,참복집,서울 영등포구 여의도동 국회대로 750,한식,215000,정책개발식대
강석훈,새누리당,엘본인터네셔날,서울 용산구 한남동 729-45,양식,426000,정책개발식대
